Date,Player,Player_Type,Target,Line,Over_Price,Under_Price,Bookmaker,Provider,Market_Player_Norm,Market_Fetched_At_UTC,Market_Event_ID,Market_Commence_Time_UTC,Market_Home_Team,Market_Away_Team,Market_Name
2026-04-09,Tyler Freeman,hitter,H,0.5,-160.0,120.0,DraftKings,covers,Tyler_Freeman,2026-04-10T01:12:42Z,368270,,,,Total Hits
2026-04-09,Brenton Doyle,hitter,H,0.5,-120.0,-110.0,BetMGM,covers,Brenton_Doyle,2026-04-10T01:12:42Z,368270,,,,Total Hits
2026-04-09,Brenton Doyle,hitter,H,0.5,-129.0,-104.0,Caesars,covers,Brenton_Doyle,2026-04-10T01:12:42Z,368270,,,,Total Hits
2026-04-09,Brenton Doyle,hitter,H,0.5,-131.0,-102.0,DraftKings,covers,Brenton_Doyle,2026-04-10T01:12:42Z,368270,,,,Total Hits
2026-04-09,Brenton Doyle,hitter,H,0.5,-135.0,,FanDuel,covers,Brenton_Doyle,2026-04-10T01:12:42Z,368270,,,,Total Hits
2026-04-09,Willi Castro,hitter,H,0.5,-150.0,110.0,BetMGM,covers,Willi_Castro,2026-04-10T01:12:42Z,368270,,,,Total Hits
2026-04-09,Willi Castro,hitter,H,0.5,-145.0,109.0,Caesars,covers,Willi_Castro,2026-04-10T01:12:42Z,368270,,,,Total Hits
2026-04-09,Willi Castro,hitter,H,0.5,-147.0,111.0,DraftKings,covers,Willi_Castro,2026-04-10T01:12:42Z,368270,,,,Total Hits
2026-04-09,Willi Castro,hitter,H,0.5,-145.0,,FanDuel,covers,Willi_Castro,2026-04-10T01:12:42Z,368270,,,,Total Hits
2026-04-09,Hunter Goodman,hitter,H,0.5,-165.0,125.0,BetMGM,covers,Hunter_Goodman,2026-04-10T01:12:42Z,368270,,,,Total Hits
2026-04-09,Hunter Goodman,hitter,H,0.5,-173.0,130.0,Caesars,covers,Hunter_Goodman,2026-04-10T01:12:42Z,368270,,,,Total Hits
2026-04-09,Hunter Goodman,hitter,H,0.5,-184.0,137.0,DraftKings,covers,Hunter_Goodman,2026-04-10T01:12:42Z,368270,,,,Total Hits
2026-04-09,Hunter Goodman,hitter,H,0.5,-180.0,,FanDuel,covers,Hunter_Goodman,2026-04-10T01:12:42Z,368270,,,,Total Hits
2026-04-09,Ty France,hitter,H,0.5,-173.0,115.0,Caesars,covers,Ty_France,2026-04-10T01:12:42Z,368270,,,,Total Hits
2026-04-09,Ty France,hitter,H,0.5,-161.0,121.0,DraftKings,covers,Ty_France,2026-04-10T01:12:42Z,368270,,,,Total Hits
2026-04-09,Ty France,hitter,H,0.5,-150.0,,FanDuel,covers,Ty_France,2026-04-10T01:12:42Z,368270,,,,Total Hits
2026-04-09,Jake Cronenworth,hitter,H,0.5,-175.0,125.0,BetMGM,covers,Jake_Cronenworth,2026-04-10T01:12:42Z,368270,,,,Total Hits
2026-04-09,Jake Cronenworth,hitter,H,0.5,-213.0,136.0,Caesars,covers,Jake_Cronenworth,2026-04-10T01:12:42Z,368270,,,,Total Hits
2026-04-09,Jake Cronenworth,hitter,H,0.5,-193.0,144.0,DraftKings,covers,Jake_Cronenworth,2026-04-10T01:12:42Z,368270,,,,Total Hits
2026-04-09,Jake Cronenworth,hitter,H,0.5,-200.0,,FanDuel,covers,Jake_Cronenworth,2026-04-10T01:12:42Z,368270,,,,Total Hits
2026-04-09,Troy Johnston,hitter,H,0.5,-160.0,120.0,BetMGM,covers,Troy_Johnston,2026-04-10T01:12:42Z,368270,,,,Total Hits
2026-04-09,Troy Johnston,hitter,H,0.5,-179.0,118.0,Caesars,covers,Troy_Johnston,2026-04-10T01:12:42Z,368270,,,,Total Hits
2026-04-09,Troy Johnston,hitter,H,0.5,-153.0,115.0,DraftKings,covers,Troy_Johnston,2026-04-10T01:12:42Z,368270,,,,Total Hits
2026-04-09,Troy Johnston,hitter,H,0.5,-175.0,,FanDuel,covers,Troy_Johnston,2026-04-10T01:12:42Z,368270,,,,Total Hits
2026-04-09,Jackson Merrill,hitter,H,0.5,-235.0,170.0,BetMGM,covers,Jackson_Merrill,2026-04-10T01:12:42Z,368270,,,,Total Hits
2026-04-09,Jackson Merrill,hitter,H,0.5,-310.0,,Caesars,covers,Jackson_Merrill,2026-04-10T01:12:42Z,368270,,,,Total Hits
2026-04-09,Jackson Merrill,hitter,H,1.5,-272.0,-272.0,DraftKings,covers,Jackson_Merrill,2026-04-10T01:12:42Z,368270,,,,Total Hits
2026-04-09,Jackson Merrill,hitter,H,0.5,-260.0,,FanDuel,covers,Jackson_Merrill,2026-04-10T01:12:42Z,368270,,,,Total Hits
2026-04-09,Nick Castellanos,hitter,H,0.5,-155.0,115.0,BetMGM,covers,Nick_Castellanos,2026-04-10T01:12:42Z,368270,,,,Total Hits
2026-04-09,Nick Castellanos,hitter,H,0.5,-170.0,127.0,Caesars,covers,Nick_Castellanos,2026-04-10T01:12:42Z,368270,,,,Total Hits
2026-04-09,Nick Castellanos,hitter,H,0.5,-176.0,131.0,DraftKings,covers,Nick_Castellanos,2026-04-10T01:12:42Z,368270,,,,Total Hits
2026-04-09,Nick Castellanos,hitter,H,0.5,-170.0,,FanDuel,covers,Nick_Castellanos,2026-04-10T01:12:42Z,368270,,,,Total Hits
2026-04-09,Ezequiel Tovar,hitter,H,0.5,-165.0,125.0,BetMGM,covers,Ezequiel_Tovar,2026-04-10T01:12:42Z,368270,,,,Total Hits
2026-04-09,Ezequiel Tovar,hitter,H,0.5,-218.0,139.0,Caesars,covers,Ezequiel_Tovar,2026-04-10T01:12:42Z,368270,,,,Total Hits
2026-04-09,Ezequiel Tovar,hitter,H,0.5,-202.0,151.0,DraftKings,covers,Ezequiel_Tovar,2026-04-10T01:12:42Z,368270,,,,Total Hits
2026-04-09,Ezequiel Tovar,hitter,H,0.5,-185.0,,FanDuel,covers,Ezequiel_Tovar,2026-04-10T01:12:42Z,368270,,,,Total Hits
2026-04-09,Manny Machado,hitter,H,0.5,-200.0,150.0,BetMGM,covers,Manny_Machado,2026-04-10T01:12:42Z,368270,,,,Total Hits
2026-04-09,Manny Machado,hitter,H,0.5,-205.0,151.0,Caesars,covers,Manny_Machado,2026-04-10T01:12:42Z,368270,,,,Total Hits
2026-04-09,Manny Machado,hitter,H,0.5,-200.0,149.0,DraftKings,covers,Manny_Machado,2026-04-10T01:12:42Z,368270,,,,Total Hits
2026-04-09,Manny Machado,hitter,H,0.5,-200.0,,FanDuel,covers,Manny_Machado,2026-04-10T01:12:42Z,368270,,,,Total Hits
2026-04-09,Fernando Tatis Jr.,hitter,H,0.5,-210.0,155.0,BetMGM,covers,Fernando_Tatis_Jr,2026-04-10T01:12:42Z,368270,,,,Total Hits
2026-04-09,Fernando Tatis Jr.,hitter,H,0.5,-310.0,,Caesars,covers,Fernando_Tatis_Jr,2026-04-10T01:12:42Z,368270,,,,Total Hits
2026-04-09,Fernando Tatis Jr.,hitter,H,0.5,-258.0,190.0,DraftKings,covers,Fernando_Tatis_Jr,2026-04-10T01:12:42Z,368270,,,,Total Hits
2026-04-09,Fernando Tatis Jr.,hitter,H,0.5,-240.0,,FanDuel,covers,Fernando_Tatis_Jr,2026-04-10T01:12:42Z,368270,,,,Total Hits
2026-04-09,Gavin Sheets,hitter,H,0.5,-165.0,125.0,BetMGM,covers,Gavin_Sheets,2026-04-10T01:12:42Z,368270,,,,Total Hits
2026-04-09,Gavin Sheets,hitter,H,0.5,-197.0,129.0,Caesars,covers,Gavin_Sheets,2026-04-10T01:12:42Z,368270,,,,Total Hits
2026-04-09,Gavin Sheets,hitter,H,0.5,-175.0,130.0,DraftKings,covers,Gavin_Sheets,2026-04-10T01:12:42Z,368270,,,,Total Hits
2026-04-09,Gavin Sheets,hitter,H,0.5,-175.0,,FanDuel,covers,Gavin_Sheets,2026-04-10T01:12:42Z,368270,,,,Total Hits
2026-04-09,Xander Bogaerts,hitter,H,0.5,-200.0,150.0,BetMGM,covers,Xander_Bogaerts,2026-04-10T01:12:42Z,368270,,,,Total Hits
2026-04-09,Xander Bogaerts,hitter,H,0.5,-275.0,162.0,Caesars,covers,Xander_Bogaerts,2026-04-10T01:12:42Z,368270,,,,Total Hits
2026-04-09,Xander Bogaerts,hitter,H,0.5,-218.0,162.0,DraftKings,covers,Xander_Bogaerts,2026-04-10T01:12:42Z,368270,,,,Total Hits
2026-04-09,Xander Bogaerts,hitter,H,0.5,-210.0,,FanDuel,covers,Xander_Bogaerts,2026-04-10T01:12:42Z,368270,,,,Total Hits
2026-04-09,TJ Rumfield,hitter,H,0.5,-175.0,130.0,BetMGM,covers,TJ_Rumfield,2026-04-10T01:12:42Z,368270,,,,Total Hits
2026-04-09,TJ Rumfield,hitter,H,0.5,-182.0,121.0,Caesars,covers,TJ_Rumfield,2026-04-10T01:12:42Z,368270,,,,Total Hits
2026-04-09,TJ Rumfield,hitter,H,0.5,-164.0,123.0,DraftKings,covers,TJ_Rumfield,2026-04-10T01:12:42Z,368270,,,,Total Hits
2026-04-09,TJ Rumfield,hitter,H,0.5,-175.0,,FanDuel,covers,TJ_Rumfield,2026-04-10T01:12:42Z,368270,,,,Total Hits
2026-04-09,Mickey Moniak,hitter,H,0.5,-210.0,155.0,BetMGM,covers,Mickey_Moniak,2026-04-10T01:12:42Z,368270,,,,Total Hits
2026-04-09,Mickey Moniak,hitter,H,0.5,-265.0,157.0,Caesars,covers,Mickey_Moniak,2026-04-10T01:12:42Z,368270,,,,Total Hits
2026-04-09,Mickey Moniak,hitter,H,0.5,-235.0,174.0,DraftKings,covers,Mickey_Moniak,2026-04-10T01:12:42Z,368270,,,,Total Hits
2026-04-09,Mickey Moniak,hitter,H,0.5,-220.0,,FanDuel,covers,Mickey_Moniak,2026-04-10T01:12:42Z,368270,,,,Total Hits
2026-04-09,Freddy Fermin,hitter,H,0.5,-155.0,115.0,BetMGM,covers,Freddy_Fermin,2026-04-10T01:12:42Z,368270,,,,Total Hits
2026-04-09,Freddy Fermin,hitter,H,0.5,-152.0,113.0,Caesars,covers,Freddy_Fermin,2026-04-10T01:12:42Z,368270,,,,Total Hits
2026-04-09,Freddy Fermin,hitter,H,0.5,-157.0,118.0,DraftKings,covers,Freddy_Fermin,2026-04-10T01:12:42Z,368270,,,,Total Hits
2026-04-09,Freddy Fermin,hitter,H,0.5,-150.0,,FanDuel,covers,Freddy_Fermin,2026-04-10T01:12:42Z,368270,,,,Total Hits
2026-04-09,Miguel Andujar,hitter,H,0.5,-250.0,152.0,Caesars,covers,Miguel_Andujar,2026-04-10T01:12:42Z,368270,,,,Total Hits
2026-04-09,Miguel Andujar,hitter,H,0.5,-203.0,151.0,DraftKings,covers,Miguel_Andujar,2026-04-10T01:12:42Z,368270,,,,Total Hits
2026-04-09,Jake McCarthy,hitter,H,0.5,-157.0,117.0,Caesars,covers,Jake_McCarthy,2026-04-10T01:12:42Z,368270,,,,Total Hits
2026-04-09,Jake McCarthy,hitter,H,0.5,-158.0,119.0,DraftKings,covers,Jake_McCarthy,2026-04-10T01:12:42Z,368270,,,,Total Hits
2026-04-09,Jake McCarthy,hitter,H,0.5,-175.0,,FanDuel,covers,Jake_McCarthy,2026-04-10T01:12:42Z,368270,,,,Total Hits
2026-04-09,Ramon Laureano,hitter,H,0.5,-210.0,155.0,BetMGM,covers,Ramon_Laureano,2026-04-10T01:12:42Z,368270,,,,Total Hits
2026-04-09,Ramon Laureano,hitter,H,0.5,-225.0,162.0,Caesars,covers,Ramon_Laureano,2026-04-10T01:12:42Z,368270,,,,Total Hits
2026-04-09,Ramon Laureano,hitter,H,0.5,-221.0,164.0,DraftKings,covers,Ramon_Laureano,2026-04-10T01:12:42Z,368270,,,,Total Hits
2026-04-09,Ramon Laureano,hitter,H,0.5,-230.0,,FanDuel,covers,Ramon_Laureano,2026-04-10T01:12:42Z,368270,,,,Total Hits
2026-04-09,Edouard Julien,hitter,H,0.5,-155.0,115.0,BetMGM,covers,Edouard_Julien,2026-04-10T01:12:42Z,368270,,,,Total Hits
2026-04-09,Edouard Julien,hitter,H,0.5,-190.0,125.0,Caesars,covers,Edouard_Julien,2026-04-10T01:12:42Z,368270,,,,Total Hits
2026-04-09,Edouard Julien,hitter,H,0.5,-168.0,126.0,DraftKings,covers,Edouard_Julien,2026-04-10T01:12:42Z,368270,,,,Total Hits
2026-04-09,Edouard Julien,hitter,H,0.5,-200.0,,FanDuel,covers,Edouard_Julien,2026-04-10T01:12:42Z,368270,,,,Total Hits
2026-04-09,Kyle Karros,hitter,H,0.5,-125.0,-105.0,BetMGM,covers,Kyle_Karros,2026-04-10T01:12:42Z,368270,,,,Total Hits
2026-04-09,Kyle Karros,hitter,H,0.5,-136.0,102.0,Caesars,covers,Kyle_Karros,2026-04-10T01:12:42Z,368270,,,,Total Hits
2026-04-09,Kyle Karros,hitter,H,0.5,-137.0,104.0,DraftKings,covers,Kyle_Karros,2026-04-10T01:12:42Z,368270,,,,Total Hits
2026-04-09,Kyle Karros,hitter,H,0.5,-135.0,,FanDuel,covers,Kyle_Karros,2026-04-10T01:12:42Z,368270,,,,Total Hits
2026-04-09,Ramon Laureano,hitter,HR,0.5,400.0,,BetMGM,covers,Ramon_Laureano,2026-04-10T01:12:42Z,368270,,,,Total Home Runs
2026-04-09,Ramon Laureano,hitter,HR,0.5,350.0,,Caesars,covers,Ramon_Laureano,2026-04-10T01:12:42Z,368270,,,,Total Home Runs
2026-04-09,Ramon Laureano,hitter,HR,0.5,347.0,,DraftKings,covers,Ramon_Laureano,2026-04-10T01:12:42Z,368270,,,,Total Home Runs
2026-04-09,Ramon Laureano,hitter,HR,0.5,390.0,,FanDuel,covers,Ramon_Laureano,2026-04-10T01:12:42Z,368270,,,,Total Home Runs
2026-04-09,Manny Machado,hitter,HR,0.5,400.0,,BetMGM,covers,Manny_Machado,2026-04-10T01:12:42Z,368270,,,,Total Home Runs
2026-04-09,Manny Machado,hitter,HR,0.5,400.0,,Caesars,covers,Manny_Machado,2026-04-10T01:12:42Z,368270,,,,Total Home Runs
2026-04-09,Manny Machado,hitter,HR,0.5,378.0,,DraftKings,covers,Manny_Machado,2026-04-10T01:12:42Z,368270,,,,Total Home Runs
2026-04-09,Manny Machado,hitter,HR,0.5,430.0,,FanDuel,covers,Manny_Machado,2026-04-10T01:12:42Z,368270,,,,Total Home Runs
2026-04-09,TJ Rumfield,hitter,HR,0.5,600.0,,BetMGM,covers,TJ_Rumfield,2026-04-10T01:12:42Z,368270,,,,Total Home Runs
2026-04-09,TJ Rumfield,hitter,HR,0.5,750.0,,Caesars,covers,TJ_Rumfield,2026-04-10T01:12:42Z,368270,,,,Total Home Runs
2026-04-09,TJ Rumfield,hitter,HR,0.5,760.0,,DraftKings,covers,TJ_Rumfield,2026-04-10T01:12:42Z,368270,,,,Total Home Runs
2026-04-09,TJ Rumfield,hitter,HR,0.5,790.0,,FanDuel,covers,TJ_Rumfield,2026-04-10T01:12:42Z,368270,,,,Total Home Runs
2026-04-09,Troy Johnston,hitter,HR,0.5,700.0,,BetMGM,covers,Troy_Johnston,2026-04-10T01:12:42Z,368270,,,,Total Home Runs
2026-04-09,Troy Johnston,hitter,HR,0.5,750.0,,Caesars,covers,Troy_Johnston,2026-04-10T01:12:42Z,368270,,,,Total Home Runs
2026-04-09,Troy Johnston,hitter,HR,0.5,820.0,,DraftKings,covers,Troy_Johnston,2026-04-10T01:12:42Z,368270,,,,Total Home Runs
2026-04-09,Troy Johnston,hitter,HR,0.5,820.0,,FanDuel,covers,Troy_Johnston,2026-04-10T01:12:42Z,368270,,,,Total Home Runs
2026-04-09,Fernando Tatis Jr.,hitter,HR,0.5,400.0,,BetMGM,covers,Fernando_Tatis_Jr,2026-04-10T01:12:42Z,368270,,,,Total Home Runs
2026-04-09,Fernando Tatis Jr.,hitter,HR,0.5,390.0,,Caesars,covers,Fernando_Tatis_Jr,2026-04-10T01:12:42Z,368270,,,,Total Home Runs
2026-04-09,Fernando Tatis Jr.,hitter,HR,0.5,330.0,,DraftKings,covers,Fernando_Tatis_Jr,2026-04-10T01:12:42Z,368270,,,,Total Home Runs
2026-04-09,Fernando Tatis Jr.,hitter,HR,0.5,420.0,,FanDuel,covers,Fernando_Tatis_Jr,2026-04-10T01:12:42Z,368270,,,,Total Home Runs
2026-04-09,Miguel Andujar,hitter,HR,0.5,508.0,,DraftKings,covers,Miguel_Andujar,2026-04-10T01:12:42Z,368270,,,,Total Home Runs
2026-04-09,Willi Castro,hitter,HR,0.5,750.0,,BetMGM,covers,Willi_Castro,2026-04-10T01:12:42Z,368270,,,,Total Home Runs
2026-04-09,Willi Castro,hitter,HR,0.5,700.0,,Caesars,covers,Willi_Castro,2026-04-10T01:12:42Z,368270,,,,Total Home Runs
2026-04-09,Willi Castro,hitter,HR,0.5,710.0,,DraftKings,covers,Willi_Castro,2026-04-10T01:12:42Z,368270,,,,Total Home Runs
2026-04-09,Willi Castro,hitter,HR,0.5,790.0,,FanDuel,covers,Willi_Castro,2026-04-10T01:12:42Z,368270,,,,Total Home Runs
2026-04-09,Gavin Sheets,hitter,HR,0.5,475.0,,BetMGM,covers,Gavin_Sheets,2026-04-10T01:12:42Z,368270,,,,Total Home Runs
2026-04-09,Gavin Sheets,hitter,HR,0.5,500.0,,Caesars,covers,Gavin_Sheets,2026-04-10T01:12:42Z,368270,,,,Total Home Runs
2026-04-09,Gavin Sheets,hitter,HR,0.5,558.0,,DraftKings,covers,Gavin_Sheets,2026-04-10T01:12:42Z,368270,,,,Total Home Runs
2026-04-09,Gavin Sheets,hitter,HR,0.5,570.0,,FanDuel,covers,Gavin_Sheets,2026-04-10T01:12:42Z,368270,,,,Total Home Runs
2026-04-09,Edouard Julien,hitter,HR,0.5,700.0,,BetMGM,covers,Edouard_Julien,2026-04-10T01:12:42Z,368270,,,,Total Home Runs
2026-04-09,Edouard Julien,hitter,HR,0.5,625.0,,Caesars,covers,Edouard_Julien,2026-04-10T01:12:42Z,368270,,,,Total Home Runs
2026-04-09,Edouard Julien,hitter,HR,0.5,680.0,,DraftKings,covers,Edouard_Julien,2026-04-10T01:12:42Z,368270,,,,Total Home Runs
2026-04-09,Edouard Julien,hitter,HR,0.5,680.0,,FanDuel,covers,Edouard_Julien,2026-04-10T01:12:42Z,368270,,,,Total Home Runs
2026-04-09,Jackson Merrill,hitter,HR,0.5,375.0,,BetMGM,covers,Jackson_Merrill,2026-04-10T01:12:42Z,368270,,,,Total Home Runs
2026-04-09,Jackson Merrill,hitter,HR,0.5,400.0,,Caesars,covers,Jackson_Merrill,2026-04-10T01:12:42Z,368270,,,,Total Home Runs
2026-04-09,Jackson Merrill,hitter,HR,0.5,423.0,,DraftKings,covers,Jackson_Merrill,2026-04-10T01:12:42Z,368270,,,,Total Home Runs
2026-04-09,Jackson Merrill,hitter,HR,0.5,440.0,,FanDuel,covers,Jackson_Merrill,2026-04-10T01:12:42Z,368270,,,,Total Home Runs
2026-04-09,Jake McCarthy,hitter,HR,0.5,950.0,,BetMGM,covers,Jake_McCarthy,2026-04-10T01:12:42Z,368270,,,,Total Home Runs
2026-04-09,Jake McCarthy,hitter,HR,0.5,1100.0,,Caesars,covers,Jake_McCarthy,2026-04-10T01:12:42Z,368270,,,,Total Home Runs
2026-04-09,Jake McCarthy,hitter,HR,0.5,1100.0,,DraftKings,covers,Jake_McCarthy,2026-04-10T01:12:42Z,368270,,,,Total Home Runs
2026-04-09,Jake McCarthy,hitter,HR,0.5,1200.0,,FanDuel,covers,Jake_McCarthy,2026-04-10T01:12:42Z,368270,,,,Total Home Runs
2026-04-09,Hunter Goodman,hitter,HR,0.5,390.0,,BetMGM,covers,Hunter_Goodman,2026-04-10T01:12:42Z,368270,,,,Total Home Runs
2026-04-09,Hunter Goodman,hitter,HR,0.5,400.0,,Caesars,covers,Hunter_Goodman,2026-04-10T01:12:42Z,368270,,,,Total Home Runs
2026-04-09,Hunter Goodman,hitter,HR,0.5,474.0,,DraftKings,covers,Hunter_Goodman,2026-04-10T01:12:42Z,368270,,,,Total Home Runs
2026-04-09,Hunter Goodman,hitter,HR,0.5,490.0,,FanDuel,covers,Hunter_Goodman,2026-04-10T01:12:42Z,368270,,,,Total Home Runs
2026-04-09,Nick Castellanos,hitter,HR,0.5,600.0,,BetMGM,covers,Nick_Castellanos,2026-04-10T01:12:42Z,368270,,,,Total Home Runs
2026-04-09,Nick Castellanos,hitter,HR,0.5,575.0,,Caesars,covers,Nick_Castellanos,2026-04-10T01:12:42Z,368270,,,,Total Home Runs
2026-04-09,Nick Castellanos,hitter,HR,0.5,610.0,,DraftKings,covers,Nick_Castellanos,2026-04-10T01:12:42Z,368270,,,,Total Home Runs
2026-04-09,Nick Castellanos,hitter,HR,0.5,680.0,,FanDuel,covers,Nick_Castellanos,2026-04-10T01:12:42Z,368270,,,,Total Home Runs
2026-04-09,Freddy Fermin,hitter,HR,0.5,900.0,,BetMGM,covers,Freddy_Fermin,2026-04-10T01:12:42Z,368270,,,,Total Home Runs
2026-04-09,Freddy Fermin,hitter,HR,0.5,950.0,,Caesars,covers,Freddy_Fermin,2026-04-10T01:12:42Z,368270,,,,Total Home Runs
2026-04-09,Freddy Fermin,hitter,HR,0.5,1060.0,,DraftKings,covers,Freddy_Fermin,2026-04-10T01:12:42Z,368270,,,,Total Home Runs
2026-04-09,Freddy Fermin,hitter,HR,0.5,1120.0,,FanDuel,covers,Freddy_Fermin,2026-04-10T01:12:42Z,368270,,,,Total Home Runs
2026-04-09,Ty France,hitter,HR,0.5,850.0,,Caesars,covers,Ty_France,2026-04-10T01:12:42Z,368270,,,,Total Home Runs
2026-04-09,Ty France,hitter,HR,0.5,810.0,,DraftKings,covers,Ty_France,2026-04-10T01:12:42Z,368270,,,,Total Home Runs
2026-04-09,Ty France,hitter,HR,0.5,920.0,,FanDuel,covers,Ty_France,2026-04-10T01:12:42Z,368270,,,,Total Home Runs
2026-04-09,Mickey Moniak,hitter,HR,0.5,425.0,,BetMGM,covers,Mickey_Moniak,2026-04-10T01:12:42Z,368270,,,,Total Home Runs
2026-04-09,Mickey Moniak,hitter,HR,0.5,425.0,,Caesars,covers,Mickey_Moniak,2026-04-10T01:12:42Z,368270,,,,Total Home Runs
2026-04-09,Mickey Moniak,hitter,HR,0.5,450.0,,DraftKings,covers,Mickey_Moniak,2026-04-10T01:12:42Z,368270,,,,Total Home Runs
2026-04-09,Mickey Moniak,hitter,HR,0.5,490.0,,FanDuel,covers,Mickey_Moniak,2026-04-10T01:12:42Z,368270,,,,Total Home Runs
2026-04-09,Jake Cronenworth,hitter,HR,0.5,525.0,,BetMGM,covers,Jake_Cronenworth,2026-04-10T01:12:42Z,368270,,,,Total Home Runs
2026-04-09,Jake Cronenworth,hitter,HR,0.5,575.0,,Caesars,covers,Jake_Cronenworth,2026-04-10T01:12:42Z,368270,,,,Total Home Runs
2026-04-09,Jake Cronenworth,hitter,HR,0.5,650.0,,DraftKings,covers,Jake_Cronenworth,2026-04-10T01:12:42Z,368270,,,,Total Home Runs
2026-04-09,Jake Cronenworth,hitter,HR,0.5,680.0,,FanDuel,covers,Jake_Cronenworth,2026-04-10T01:12:42Z,368270,,,,Total Home Runs
2026-04-09,Ezequiel Tovar,hitter,HR,0.5,600.0,,BetMGM,covers,Ezequiel_Tovar,2026-04-10T01:12:42Z,368270,,,,Total Home Runs
2026-04-09,Ezequiel Tovar,hitter,HR,0.5,575.0,,Caesars,covers,Ezequiel_Tovar,2026-04-10T01:12:42Z,368270,,,,Total Home Runs
2026-04-09,Ezequiel Tovar,hitter,HR,0.5,620.0,,DraftKings,covers,Ezequiel_Tovar,2026-04-10T01:12:42Z,368270,,,,Total Home Runs
2026-04-09,Ezequiel Tovar,hitter,HR,0.5,680.0,,FanDuel,covers,Ezequiel_Tovar,2026-04-10T01:12:42Z,368270,,,,Total Home Runs
2026-04-09,Xander Bogaerts,hitter,HR,0.5,650.0,,BetMGM,covers,Xander_Bogaerts,2026-04-10T01:12:42Z,368270,,,,Total Home Runs
2026-04-09,Xander Bogaerts,hitter,HR,0.5,700.0,,Caesars,covers,Xander_Bogaerts,2026-04-10T01:12:42Z,368270,,,,Total Home Runs
2026-04-09,Xander Bogaerts,hitter,HR,0.5,750.0,,DraftKings,covers,Xander_Bogaerts,2026-04-10T01:12:42Z,368270,,,,Total Home Runs
2026-04-09,Xander Bogaerts,hitter,HR,0.5,790.0,,FanDuel,covers,Xander_Bogaerts,2026-04-10T01:12:42Z,368270,,,,Total Home Runs
2026-04-09,Brenton Doyle,hitter,HR,0.5,700.0,,BetMGM,covers,Brenton_Doyle,2026-04-10T01:12:42Z,368270,,,,Total Home Runs
2026-04-09,Brenton Doyle,hitter,HR,0.5,750.0,,Caesars,covers,Brenton_Doyle,2026-04-10T01:12:42Z,368270,,,,Total Home Runs
2026-04-09,Brenton Doyle,hitter,HR,0.5,900.0,,DraftKings,covers,Brenton_Doyle,2026-04-10T01:12:42Z,368270,,,,Total Home Runs
2026-04-09,Brenton Doyle,hitter,HR,0.5,880.0,,FanDuel,covers,Brenton_Doyle,2026-04-10T01:12:42Z,368270,,,,Total Home Runs
2026-04-09,Kyle Karros,hitter,HR,0.5,950.0,,BetMGM,covers,Kyle_Karros,2026-04-10T01:12:42Z,368270,,,,Total Home Runs
2026-04-09,Kyle Karros,hitter,HR,0.5,850.0,,Caesars,covers,Kyle_Karros,2026-04-10T01:12:42Z,368270,,,,Total Home Runs
2026-04-09,Kyle Karros,hitter,HR,0.5,1160.0,,DraftKings,covers,Kyle_Karros,2026-04-10T01:12:42Z,368270,,,,Total Home Runs
2026-04-09,Kyle Karros,hitter,HR,0.5,1040.0,,FanDuel,covers,Kyle_Karros,2026-04-10T01:12:42Z,368270,,,,Total Home Runs
2026-04-09,Hunter Goodman,hitter,RBI,0.5,175.0,-250.0,BetMGM,covers,Hunter_Goodman,2026-04-10T01:12:42Z,368270,,,,Total RBIs
2026-04-09,Hunter Goodman,hitter,RBI,0.5,121.0,-260.0,Caesars,covers,Hunter_Goodman,2026-04-10T01:12:42Z,368270,,,,Total RBIs
2026-04-09,Hunter Goodman,hitter,RBI,0.5,209.0,-299.0,DraftKings,covers,Hunter_Goodman,2026-04-10T01:12:42Z,368270,,,,Total RBIs
2026-04-09,Hunter Goodman,hitter,RBI,0.5,185.0,,FanDuel,covers,Hunter_Goodman,2026-04-10T01:12:42Z,368270,,,,Total RBIs
2026-04-09,Mickey Moniak,hitter,RBI,0.5,180.0,-250.0,BetMGM,covers,Mickey_Moniak,2026-04-10T01:12:42Z,368270,,,,Total RBIs
2026-04-09,Mickey Moniak,hitter,RBI,0.5,119.0,-265.0,Caesars,covers,Mickey_Moniak,2026-04-10T01:12:42Z,368270,,,,Total RBIs
2026-04-09,Mickey Moniak,hitter,RBI,0.5,187.0,-258.0,DraftKings,covers,Mickey_Moniak,2026-04-10T01:12:42Z,368270,,,,Total RBIs
2026-04-09,Mickey Moniak,hitter,RBI,0.5,185.0,,FanDuel,covers,Mickey_Moniak,2026-04-10T01:12:42Z,368270,,,,Total RBIs
2026-04-09,Jackson Merrill,hitter,RBI,0.5,130.0,-175.0,BetMGM,covers,Jackson_Merrill,2026-04-10T01:12:42Z,368270,,,,Total RBIs
2026-04-09,Jackson Merrill,hitter,RBI,0.5,102.0,-182.0,Caesars,covers,Jackson_Merrill,2026-04-10T01:12:42Z,368270,,,,Total RBIs
2026-04-09,Jackson Merrill,hitter,RBI,0.5,146.0,-204.0,DraftKings,covers,Jackson_Merrill,2026-04-10T01:12:42Z,368270,,,,Total RBIs
2026-04-09,Jackson Merrill,hitter,RBI,0.5,135.0,,FanDuel,covers,Jackson_Merrill,2026-04-10T01:12:42Z,368270,,,,Total RBIs
2026-04-09,Fernando Tatis Jr.,hitter,RBI,0.5,165.0,-220.0,BetMGM,covers,Fernando_Tatis_Jr,2026-04-10T01:12:42Z,368270,,,,Total RBIs
2026-04-09,Fernando Tatis Jr.,hitter,RBI,0.5,110.0,-218.0,Caesars,covers,Fernando_Tatis_Jr,2026-04-10T01:12:42Z,368270,,,,Total RBIs
2026-04-09,Fernando Tatis Jr.,hitter,RBI,0.5,152.0,-212.0,DraftKings,covers,Fernando_Tatis_Jr,2026-04-10T01:12:42Z,368270,,,,Total RBIs
2026-04-09,Fernando Tatis Jr.,hitter,RBI,0.5,165.0,,FanDuel,covers,Fernando_Tatis_Jr,2026-04-10T01:12:42Z,368270,,,,Total RBIs
2026-04-09,Manny Machado,hitter,RBI,0.5,140.0,-190.0,BetMGM,covers,Manny_Machado,2026-04-10T01:12:42Z,368270,,,,Total RBIs
2026-04-09,Manny Machado,hitter,RBI,0.5,102.0,-190.0,Caesars,covers,Manny_Machado,2026-04-10T01:12:42Z,368270,,,,Total RBIs
2026-04-09,Manny Machado,hitter,RBI,0.5,145.0,-202.0,DraftKings,covers,Manny_Machado,2026-04-10T01:12:42Z,368270,,,,Total RBIs
2026-04-09,Manny Machado,hitter,RBI,0.5,140.0,,FanDuel,covers,Manny_Machado,2026-04-10T01:12:42Z,368270,,,,Total RBIs
2026-04-09,Edouard Julien,hitter,RBI,0.5,260.0,-375.0,BetMGM,covers,Edouard_Julien,2026-04-10T01:12:42Z,368270,,,,Total RBIs
2026-04-09,Edouard Julien,hitter,RBI,0.5,147.0,-360.0,Caesars,covers,Edouard_Julien,2026-04-10T01:12:42Z,368270,,,,Total RBIs
2026-04-09,Edouard Julien,hitter,RBI,0.5,274.0,-395.0,DraftKings,covers,Edouard_Julien,2026-04-10T01:12:42Z,368270,,,,Total RBIs
2026-04-09,Edouard Julien,hitter,RBI,0.5,220.0,,FanDuel,covers,Edouard_Julien,2026-04-10T01:12:42Z,368270,,,,Total RBIs
2026-04-09,Miguel Andujar,hitter,RBI,0.5,121.0,-280.0,Caesars,covers,Miguel_Andujar,2026-04-10T01:12:42Z,368270,,,,Total RBIs
2026-04-09,Miguel Andujar,hitter,RBI,0.5,179.0,-253.0,DraftKings,covers,Miguel_Andujar,2026-04-10T01:12:42Z,368270,,,,Total RBIs
2026-04-09,Jake McCarthy,hitter,RBI,0.5,150.0,-391.0,Caesars,covers,Jake_McCarthy,2026-04-10T01:12:42Z,368270,,,,Total RBIs
2026-04-09,Jake McCarthy,hitter,RBI,0.5,280.0,-412.0,DraftKings,covers,Jake_McCarthy,2026-04-10T01:12:42Z,368270,,,,Total RBIs
2026-04-09,Jake McCarthy,hitter,RBI,0.5,250.0,,FanDuel,covers,Jake_McCarthy,2026-04-10T01:12:42Z,368270,,,,Total RBIs
2026-04-09,Freddy Fermin,hitter,RBI,0.5,250.0,-375.0,BetMGM,covers,Freddy_Fermin,2026-04-10T01:12:42Z,368270,,,,Total RBIs
2026-04-09,Freddy Fermin,hitter,RBI,0.5,147.0,-380.0,Caesars,covers,Freddy_Fermin,2026-04-10T01:12:42Z,368270,,,,Total RBIs
2026-04-09,Freddy Fermin,hitter,RBI,0.5,284.0,-417.0,DraftKings,covers,Freddy_Fermin,2026-04-10T01:12:42Z,368270,,,,Total RBIs
2026-04-09,Freddy Fermin,hitter,RBI,0.5,250.0,,FanDuel,covers,Freddy_Fermin,2026-04-10T01:12:42Z,368270,,,,Total RBIs
2026-04-09,Ty France,hitter,RBI,0.5,140.0,-325.0,Caesars,covers,Ty_France,2026-04-10T01:12:42Z,368270,,,,Total RBIs
2026-04-09,Ty France,hitter,RBI,0.5,244.0,-353.0,DraftKings,covers,Ty_France,2026-04-10T01:12:42Z,368270,,,,Total RBIs
2026-04-09,Ty France,hitter,RBI,0.5,230.0,,FanDuel,covers,Ty_France,2026-04-10T01:12:42Z,368270,,,,Total RBIs
2026-04-09,Nick Castellanos,hitter,RBI,0.5,200.0,-275.0,BetMGM,covers,Nick_Castellanos,2026-04-10T01:12:42Z,368270,,,,Total RBIs
2026-04-09,Nick Castellanos,hitter,RBI,0.5,126.0,-275.0,Caesars,covers,Nick_Castellanos,2026-04-10T01:12:42Z,368270,,,,Total RBIs
2026-04-09,Nick Castellanos,hitter,RBI,0.5,209.0,-287.0,DraftKings,covers,Nick_Castellanos,2026-04-10T01:12:42Z,368270,,,,Total RBIs
2026-04-09,Nick Castellanos,hitter,RBI,0.5,200.0,,FanDuel,covers,Nick_Castellanos,2026-04-10T01:12:42Z,368270,,,,Total RBIs
2026-04-09,TJ Rumfield,hitter,RBI,0.5,230.0,-325.0,BetMGM,covers,TJ_Rumfield,2026-04-10T01:12:42Z,368270,,,,Total RBIs
2026-04-09,TJ Rumfield,hitter,RBI,0.5,147.0,,Caesars,covers,TJ_Rumfield,2026-04-10T01:12:42Z,368270,,,,Total RBIs
2026-04-09,TJ Rumfield,hitter,RBI,0.5,267.0,-394.0,DraftKings,covers,TJ_Rumfield,2026-04-10T01:12:42Z,368270,,,,Total RBIs
2026-04-09,TJ Rumfield,hitter,RBI,0.5,240.0,,FanDuel,covers,TJ_Rumfield,2026-04-10T01:12:42Z,368270,,,,Total RBIs
2026-04-09,Willi Castro,hitter,RBI,0.5,260.0,-375.0,BetMGM,covers,Willi_Castro,2026-04-10T01:12:42Z,368270,,,,Total RBIs
2026-04-09,Willi Castro,hitter,RBI,0.5,150.0,-400.0,Caesars,covers,Willi_Castro,2026-04-10T01:12:42Z,368270,,,,Total RBIs
2026-04-09,Willi Castro,hitter,RBI,0.5,265.0,-388.0,DraftKings,covers,Willi_Castro,2026-04-10T01:12:42Z,368270,,,,Total RBIs
2026-04-09,Willi Castro,hitter,RBI,0.5,260.0,,FanDuel,covers,Willi_Castro,2026-04-10T01:12:42Z,368270,,,,Total RBIs
2026-04-09,Ramon Laureano,hitter,RBI,0.5,175.0,-235.0,BetMGM,covers,Ramon_Laureano,2026-04-10T01:12:42Z,368270,,,,Total RBIs
2026-04-09,Ramon Laureano,hitter,RBI,0.5,113.0,-235.0,Caesars,covers,Ramon_Laureano,2026-04-10T01:12:42Z,368270,,,,Total RBIs
2026-04-09,Ramon Laureano,hitter,RBI,0.5,171.0,-242.0,DraftKings,covers,Ramon_Laureano,2026-04-10T01:12:42Z,368270,,,,Total RBIs
2026-04-09,Ramon Laureano,hitter,RBI,0.5,170.0,,FanDuel,covers,Ramon_Laureano,2026-04-10T01:12:42Z,368270,,,,Total RBIs
2026-04-09,Brenton Doyle,hitter,RBI,0.5,250.0,-350.0,BetMGM,covers,Brenton_Doyle,2026-04-10T01:12:42Z,368270,,,,Total RBIs
2026-04-09,Brenton Doyle,hitter,RBI,0.5,143.0,-360.0,Caesars,covers,Brenton_Doyle,2026-04-10T01:12:42Z,368270,,,,Total RBIs
2026-04-09,Brenton Doyle,hitter,RBI,0.5,278.0,-410.0,DraftKings,covers,Brenton_Doyle,2026-04-10T01:12:42Z,368270,,,,Total RBIs
2026-04-09,Brenton Doyle,hitter,RBI,0.5,250.0,,FanDuel,covers,Brenton_Doyle,2026-04-10T01:12:42Z,368270,,,,Total RBIs
2026-04-09,Gavin Sheets,hitter,RBI,0.5,180.0,-250.0,BetMGM,covers,Gavin_Sheets,2026-04-10T01:12:42Z,368270,,,,Total RBIs
2026-04-09,Gavin Sheets,hitter,RBI,0.5,119.0,-250.0,Caesars,covers,Gavin_Sheets,2026-04-10T01:12:42Z,368270,,,,Total RBIs
2026-04-09,Gavin Sheets,hitter,RBI,0.5,197.0,-280.0,DraftKings,covers,Gavin_Sheets,2026-04-10T01:12:42Z,368270,,,,Total RBIs
2026-04-09,Gavin Sheets,hitter,RBI,0.5,185.0,,FanDuel,covers,Gavin_Sheets,2026-04-10T01:12:42Z,368270,,,,Total RBIs
2026-04-09,Jake Cronenworth,hitter,RBI,0.5,200.0,-285.0,BetMGM,covers,Jake_Cronenworth,2026-04-10T01:12:42Z,368270,,,,Total RBIs
2026-04-09,Jake Cronenworth,hitter,RBI,0.5,131.0,-310.0,Caesars,covers,Jake_Cronenworth,2026-04-10T01:12:42Z,368270,,,,Total RBIs
2026-04-09,Jake Cronenworth,hitter,RBI,0.5,216.0,-310.0,DraftKings,covers,Jake_Cronenworth,2026-04-10T01:12:42Z,368270,,,,Total RBIs
2026-04-09,Jake Cronenworth,hitter,RBI,0.5,220.0,,FanDuel,covers,Jake_Cronenworth,2026-04-10T01:12:42Z,368270,,,,Total RBIs
2026-04-09,Troy Johnston,hitter,RBI,0.5,230.0,-325.0,BetMGM,covers,Troy_Johnston,2026-04-10T01:12:42Z,368270,,,,Total RBIs
2026-04-09,Troy Johnston,hitter,RBI,0.5,140.0,-360.0,Caesars,covers,Troy_Johnston,2026-04-10T01:12:42Z,368270,,,,Total RBIs
2026-04-09,Troy Johnston,hitter,RBI,0.5,266.0,-389.0,DraftKings,covers,Troy_Johnston,2026-04-10T01:12:42Z,368270,,,,Total RBIs
2026-04-09,Troy Johnston,hitter,RBI,0.5,220.0,,FanDuel,covers,Troy_Johnston,2026-04-10T01:12:42Z,368270,,,,Total RBIs
2026-04-09,Xander Bogaerts,hitter,RBI,0.5,180.0,-250.0,BetMGM,covers,Xander_Bogaerts,2026-04-10T01:12:42Z,368270,,,,Total RBIs
2026-04-09,Xander Bogaerts,hitter,RBI,0.5,121.0,-260.0,Caesars,covers,Xander_Bogaerts,2026-04-10T01:12:42Z,368270,,,,Total RBIs
2026-04-09,Xander Bogaerts,hitter,RBI,0.5,202.0,-288.0,DraftKings,covers,Xander_Bogaerts,2026-04-10T01:12:42Z,368270,,,,Total RBIs
2026-04-09,Xander Bogaerts,hitter,RBI,0.5,190.0,,FanDuel,covers,Xander_Bogaerts,2026-04-10T01:12:42Z,368270,,,,Total RBIs
2026-04-09,Ezequiel Tovar,hitter,RBI,0.5,230.0,-325.0,BetMGM,covers,Ezequiel_Tovar,2026-04-10T01:12:42Z,368270,,,,Total RBIs
2026-04-09,Ezequiel Tovar,hitter,RBI,0.5,136.0,-325.0,Caesars,covers,Ezequiel_Tovar,2026-04-10T01:12:42Z,368270,,,,Total RBIs
2026-04-09,Ezequiel Tovar,hitter,RBI,0.5,240.0,-347.0,DraftKings,covers,Ezequiel_Tovar,2026-04-10T01:12:42Z,368270,,,,Total RBIs
2026-04-09,Ezequiel Tovar,hitter,RBI,0.5,230.0,,FanDuel,covers,Ezequiel_Tovar,2026-04-10T01:12:42Z,368270,,,,Total RBIs
2026-04-09,Tyler Freeman,hitter,RBI,0.5,303.0,-450.0,DraftKings,covers,Tyler_Freeman,2026-04-10T01:12:42Z,368270,,,,Total RBIs
2026-04-09,Kyle Karros,hitter,RBI,0.5,300.0,-450.0,BetMGM,covers,Kyle_Karros,2026-04-10T01:12:42Z,368270,,,,Total RBIs
2026-04-09,Kyle Karros,hitter,RBI,0.5,159.0,-441.0,Caesars,covers,Kyle_Karros,2026-04-10T01:12:42Z,368270,,,,Total RBIs
2026-04-09,Kyle Karros,hitter,RBI,0.5,314.0,-476.0,DraftKings,covers,Kyle_Karros,2026-04-10T01:12:42Z,368270,,,,Total RBIs
2026-04-09,Kyle Karros,hitter,RBI,0.5,310.0,,FanDuel,covers,Kyle_Karros,2026-04-10T01:12:42Z,368270,,,,Total RBIs
2026-04-09,Randy Vasquez,pitcher,K,4.5,-150.0,,BetMGM,covers,Randy_Vasquez,2026-04-10T01:12:42Z,368270,,,,Strikeouts Thrown
2026-04-09,Randy Vasquez,pitcher,K,4.5,-154.0,110.0,Caesars,covers,Randy_Vasquez,2026-04-10T01:12:42Z,368270,,,,Strikeouts Thrown
2026-04-09,Randy Vasquez,pitcher,K,4.5,-126.0,-101.0,DraftKings,covers,Randy_Vasquez,2026-04-10T01:12:42Z,368270,,,,Strikeouts Thrown
2026-04-09,Randy Vasquez,pitcher,K,4.5,-144.0,108.0,FanDuel,covers,Randy_Vasquez,2026-04-10T01:12:42Z,368270,,,,Strikeouts Thrown
2026-04-09,Randy Vasquez,pitcher,ER,2.5,125.0,-175.0,BetMGM,covers,Randy_Vasquez,2026-04-10T01:12:42Z,368270,,,,Earned Runs Allowed
2026-04-09,Randy Vasquez,pitcher,ER,2.5,128.0,-170.0,Caesars,covers,Randy_Vasquez,2026-04-10T01:12:42Z,368270,,,,Earned Runs Allowed
2026-04-09,Randy Vasquez,pitcher,ER,2.5,118.0,-157.0,DraftKings,covers,Randy_Vasquez,2026-04-10T01:12:42Z,368270,,,,Earned Runs Allowed
2026-04-09,Jonathan Aranda,hitter,H,0.5,-192.0,143.0,DraftKings,covers,Jonathan_Aranda,2026-04-10T01:12:42Z,367971,,,,Total Hits
2026-04-09,Jonathan Aranda,hitter,H,0.5,-210.0,,FanDuel,covers,Jonathan_Aranda,2026-04-10T01:12:42Z,367971,,,,Total Hits
2026-04-09,Jake Fraley,hitter,H,0.5,-144.0,109.0,DraftKings,covers,Jake_Fraley,2026-04-10T01:12:42Z,367971,,,,Total Hits
2026-04-09,Jake Fraley,hitter,H,0.5,-140.0,,FanDuel,covers,Jake_Fraley,2026-04-10T01:12:42Z,367971,,,,Total Hits
2026-04-09,Taylor Walls,hitter,H,0.5,-108.0,-122.0,DraftKings,covers,Taylor_Walls,2026-04-10T01:12:42Z,367971,,,,Total Hits
2026-04-09,Taylor Walls,hitter,H,0.5,-110.0,,FanDuel,covers,Taylor_Walls,2026-04-10T01:12:42Z,367971,,,,Total Hits
2026-04-09,Cedric Mullins,hitter,H,0.5,-120.0,-110.0,DraftKings,covers,Cedric_Mullins,2026-04-10T01:12:42Z,367971,,,,Total Hits
2026-04-09,Cedric Mullins,hitter,H,0.5,-125.0,,FanDuel,covers,Cedric_Mullins,2026-04-10T01:12:42Z,367971,,,,Total Hits
2026-04-09,Yandy Diaz,hitter,H,0.5,-232.0,172.0,DraftKings,covers,Yandy_Diaz,2026-04-10T01:12:42Z,367971,,,,Total Hits
2026-04-09,Yandy Diaz,hitter,H,0.5,-230.0,,FanDuel,covers,Yandy_Diaz,2026-04-10T01:12:42Z,367971,,,,Total Hits
2026-04-09,Nick Fortes,hitter,H,0.5,-143.0,107.0,DraftKings,covers,Nick_Fortes,2026-04-10T01:12:42Z,367971,,,,Total Hits
2026-04-09,Nick Fortes,hitter,H,0.5,-130.0,,FanDuel,covers,Nick_Fortes,2026-04-10T01:12:42Z,367971,,,,Total Hits
2026-04-09,Richie Palacios,hitter,H,0.5,-127.0,-102.0,DraftKings,covers,Richie_Palacios,2026-04-10T01:12:42Z,367971,,,,Total Hits
2026-04-09,Junior Caminero,hitter,H,0.5,-177.0,132.0,DraftKings,covers,Junior_Caminero,2026-04-10T01:12:42Z,367971,,,,Total Hits
2026-04-09,Junior Caminero,hitter,H,0.5,-185.0,,FanDuel,covers,Junior_Caminero,2026-04-10T01:12:42Z,367971,,,,Total Hits
2026-04-09,Chandler Simpson,hitter,H,0.5,-239.0,177.0,DraftKings,covers,Chandler_Simpson,2026-04-10T01:12:42Z,367971,,,,Total Hits
2026-04-09,Chandler Simpson,hitter,H,0.5,-250.0,,FanDuel,covers,Chandler_Simpson,2026-04-10T01:12:42Z,367971,,,,Total Hits
2026-04-09,Ben Williamson,hitter,H,0.5,-165.0,,FanDuel,covers,Ben_Williamson,2026-04-10T01:12:42Z,367971,,,,Total Hits
2026-04-09,Giancarlo Stanton,hitter,H,0.5,-212.0,153.0,DraftKings,covers,Giancarlo_Stanton,2026-04-10T01:12:42Z,367971,,,,Total Hits
2026-04-09,Giancarlo Stanton,hitter,H,0.5,-210.0,,FanDuel,covers,Giancarlo_Stanton,2026-04-10T01:12:42Z,367971,,,,Total Hits
2026-04-09,Amed Rosario,hitter,H,0.5,-224.0,166.0,DraftKings,covers,Amed_Rosario,2026-04-10T01:12:42Z,367971,,,,Total Hits
2026-04-09,Paul Goldschmidt,hitter,H,0.5,-259.0,190.0,DraftKings,covers,Paul_Goldschmidt,2026-04-10T01:12:42Z,367971,,,,Total Hits
2026-04-09,Randal Grichuk,hitter,H,0.5,-158.0,119.0,DraftKings,covers,Randal_Grichuk,2026-04-10T01:12:42Z,367971,,,,Total Hits
2026-04-09,Cody Bellinger,hitter,H,0.5,-242.0,179.0,DraftKings,covers,Cody_Bellinger,2026-04-10T01:12:42Z,367971,,,,Total Hits
2026-04-09,Cody Bellinger,hitter,H,0.5,-210.0,,FanDuel,covers,Cody_Bellinger,2026-04-10T01:12:42Z,367971,,,,Total Hits
2026-04-09,Jazz Chisholm Jr.,hitter,H,0.5,-193.0,144.0,DraftKings,covers,Jazz_Chisholm_Jr,2026-04-10T01:12:42Z,367971,,,,Total Hits
2026-04-09,Jazz Chisholm Jr.,hitter,H,0.5,-180.0,,FanDuel,covers,Jazz_Chisholm_Jr,2026-04-10T01:12:42Z,367971,,,,Total Hits
2026-04-09,Jose Caballero,hitter,H,0.5,-126.0,-105.0,DraftKings,covers,Jose_Caballero,2026-04-10T01:12:42Z,367971,,,,Total Hits
2026-04-09,Jose Caballero,hitter,H,0.5,-175.0,,FanDuel,covers,Jose_Caballero,2026-04-10T01:12:42Z,367971,,,,Total Hits
2026-04-09,Austin Wells,hitter,H,0.5,-132.0,101.0,DraftKings,covers,Austin_Wells,2026-04-10T01:12:42Z,367971,,,,Total Hits
2026-04-09,Austin Wells,hitter,H,0.5,-145.0,,FanDuel,covers,Austin_Wells,2026-04-10T01:12:42Z,367971,,,,Total Hits
2026-04-09,Ben Rice,hitter,H,0.5,-210.0,,FanDuel,covers,Ben_Rice,2026-04-10T01:12:42Z,367971,,,,Total Hits
2026-04-09,Jonathan Aranda,hitter,HR,0.5,526.0,,DraftKings,covers,Jonathan_Aranda,2026-04-10T01:12:42Z,367971,,,,Total Home Runs
2026-04-09,Jonathan Aranda,hitter,HR,0.5,430.0,,FanDuel,covers,Jonathan_Aranda,2026-04-10T01:12:42Z,367971,,,,Total Home Runs
2026-04-09,Jake Fraley,hitter,HR,0.5,790.0,,DraftKings,covers,Jake_Fraley,2026-04-10T01:12:42Z,367971,,,,Total Home Runs
2026-04-09,Jake Fraley,hitter,HR,0.5,760.0,,FanDuel,covers,Jake_Fraley,2026-04-10T01:12:42Z,367971,,,,Total Home Runs
2026-04-09,Taylor Walls,hitter,HR,0.5,1020.0,,DraftKings,covers,Taylor_Walls,2026-04-10T01:12:42Z,367971,,,,Total Home Runs
2026-04-09,Taylor Walls,hitter,HR,0.5,1040.0,,FanDuel,covers,Taylor_Walls,2026-04-10T01:12:42Z,367971,,,,Total Home Runs
2026-04-09,Cedric Mullins,hitter,HR,0.5,780.0,,DraftKings,covers,Cedric_Mullins,2026-04-10T01:12:42Z,367971,,,,Total Home Runs
2026-04-09,Cedric Mullins,hitter,HR,0.5,680.0,,FanDuel,covers,Cedric_Mullins,2026-04-10T01:12:42Z,367971,,,,Total Home Runs
2026-04-09,Yandy Diaz,hitter,HR,0.5,640.0,,DraftKings,covers,Yandy_Diaz,2026-04-10T01:12:42Z,367971,,,,Total Home Runs
2026-04-09,Yandy Diaz,hitter,HR,0.5,540.0,,FanDuel,covers,Yandy_Diaz,2026-04-10T01:12:42Z,367971,,,,Total Home Runs
2026-04-09,Nick Fortes,hitter,HR,0.5,1020.0,,DraftKings,covers,Nick_Fortes,2026-04-10T01:12:42Z,367971,,,,Total Home Runs
2026-04-09,Nick Fortes,hitter,HR,0.5,1120.0,,FanDuel,covers,Nick_Fortes,2026-04-10T01:12:42Z,367971,,,,Total Home Runs
2026-04-09,Richie Palacios,hitter,HR,0.5,800.0,,DraftKings,covers,Richie_Palacios,2026-04-10T01:12:42Z,367971,,,,Total Home Runs
2026-04-09,Junior Caminero,hitter,HR,0.5,385.0,,DraftKings,covers,Junior_Caminero,2026-04-10T01:12:42Z,367971,,,,Total Home Runs
2026-04-09,Junior Caminero,hitter,HR,0.5,360.0,,FanDuel,covers,Junior_Caminero,2026-04-10T01:12:42Z,367971,,,,Total Home Runs
2026-04-09,Chandler Simpson,hitter,HR,0.5,1840.0,,DraftKings,covers,Chandler_Simpson,2026-04-10T01:12:42Z,367971,,,,Total Home Runs
2026-04-09,Chandler Simpson,hitter,HR,0.5,1500.0,,FanDuel,covers,Chandler_Simpson,2026-04-10T01:12:42Z,367971,,,,Total Home Runs
2026-04-09,Aaron Judge,hitter,HR,0.5,240.0,,DraftKings,covers,Aaron_Judge,2026-04-10T01:12:42Z,367971,,,,Total Home Runs
2026-04-09,Aaron Judge,hitter,HR,0.5,210.0,,FanDuel,covers,Aaron_Judge,2026-04-10T01:12:42Z,367971,,,,Total Home Runs
2026-04-09,Giancarlo Stanton,hitter,HR,0.5,337.0,,DraftKings,covers,Giancarlo_Stanton,2026-04-10T01:12:42Z,367971,,,,Total Home Runs
2026-04-09,Giancarlo Stanton,hitter,HR,0.5,340.0,,FanDuel,covers,Giancarlo_Stanton,2026-04-10T01:12:42Z,367971,,,,Total Home Runs
2026-04-09,Cody Bellinger,hitter,HR,0.5,930.0,,DraftKings,covers,Cody_Bellinger,2026-04-10T01:12:42Z,367971,,,,Total Home Runs
2026-04-09,Cody Bellinger,hitter,HR,0.5,980.0,,FanDuel,covers,Cody_Bellinger,2026-04-10T01:12:42Z,367971,,,,Total Home Runs
2026-04-09,Jazz Chisholm Jr.,hitter,HR,0.5,820.0,,DraftKings,covers,Jazz_Chisholm_Jr,2026-04-10T01:12:42Z,367971,,,,Total Home Runs
2026-04-09,Jazz Chisholm Jr.,hitter,HR,0.5,880.0,,FanDuel,covers,Jazz_Chisholm_Jr,2026-04-10T01:12:42Z,367971,,,,Total Home Runs
2026-04-09,Jose Caballero,hitter,HR,0.5,1040.0,,DraftKings,covers,Jose_Caballero,2026-04-10T01:12:42Z,367971,,,,Total Home Runs
2026-04-09,Jose Caballero,hitter,HR,0.5,1120.0,,FanDuel,covers,Jose_Caballero,2026-04-10T01:12:42Z,367971,,,,Total Home Runs
2026-04-09,Austin Wells,hitter,HR,0.5,850.0,,DraftKings,covers,Austin_Wells,2026-04-10T01:12:42Z,367971,,,,Total Home Runs
2026-04-09,Austin Wells,hitter,HR,0.5,920.0,,FanDuel,covers,Austin_Wells,2026-04-10T01:12:42Z,367971,,,,Total Home Runs
2026-04-09,Jonathan Aranda,hitter,RBI,0.5,210.0,,DraftKings,covers,Jonathan_Aranda,2026-04-10T01:12:42Z,367971,,,,Total RBIs
2026-04-09,Jonathan Aranda,hitter,RBI,0.5,175.0,,FanDuel,covers,Jonathan_Aranda,2026-04-10T01:12:42Z,367971,,,,Total RBIs
2026-04-09,Jake Fraley,hitter,RBI,0.5,250.0,,DraftKings,covers,Jake_Fraley,2026-04-10T01:12:42Z,367971,,,,Total RBIs
2026-04-09,Jake Fraley,hitter,RBI,0.5,220.0,,FanDuel,covers,Jake_Fraley,2026-04-10T01:12:42Z,367971,,,,Total RBIs
2026-04-09,Taylor Walls,hitter,RBI,0.5,297.0,,DraftKings,covers,Taylor_Walls,2026-04-10T01:12:42Z,367971,,,,Total RBIs
2026-04-09,Taylor Walls,hitter,RBI,0.5,290.0,,FanDuel,covers,Taylor_Walls,2026-04-10T01:12:42Z,367971,,,,Total RBIs
2026-04-09,Cedric Mullins,hitter,RBI,0.5,251.0,,DraftKings,covers,Cedric_Mullins,2026-04-10T01:12:42Z,367971,,,,Total RBIs
2026-04-09,Cedric Mullins,hitter,RBI,0.5,220.0,,FanDuel,covers,Cedric_Mullins,2026-04-10T01:12:42Z,367971,,,,Total RBIs
2026-04-09,Yandy Diaz,hitter,RBI,0.5,219.0,,DraftKings,covers,Yandy_Diaz,2026-04-10T01:12:42Z,367971,,,,Total RBIs
2026-04-09,Yandy Diaz,hitter,RBI,0.5,195.0,,FanDuel,covers,Yandy_Diaz,2026-04-10T01:12:42Z,367971,,,,Total RBIs
2026-04-09,Nick Fortes,hitter,RBI,0.5,257.0,,DraftKings,covers,Nick_Fortes,2026-04-10T01:12:42Z,367971,,,,Total RBIs
2026-04-09,Nick Fortes,hitter,RBI,0.5,260.0,,FanDuel,covers,Nick_Fortes,2026-04-10T01:12:42Z,367971,,,,Total RBIs
2026-04-09,Richie Palacios,hitter,RBI,0.5,248.0,,DraftKings,covers,Richie_Palacios,2026-04-10T01:12:42Z,367971,,,,Total RBIs
2026-04-09,Junior Caminero,hitter,RBI,0.5,164.0,,DraftKings,covers,Junior_Caminero,2026-04-10T01:12:42Z,367971,,,,Total RBIs
2026-04-09,Junior Caminero,hitter,RBI,0.5,150.0,,FanDuel,covers,Junior_Caminero,2026-04-10T01:12:42Z,367971,,,,Total RBIs
2026-04-09,Chandler Simpson,hitter,RBI,0.5,251.0,,DraftKings,covers,Chandler_Simpson,2026-04-10T01:12:42Z,367971,,,,Total RBIs
2026-04-09,Chandler Simpson,hitter,RBI,0.5,210.0,,FanDuel,covers,Chandler_Simpson,2026-04-10T01:12:42Z,367971,,,,Total RBIs
2026-04-09,Ben Williamson,hitter,RBI,0.5,260.0,,FanDuel,covers,Ben_Williamson,2026-04-10T01:12:42Z,367971,,,,Total RBIs
2026-04-09,Aaron Judge,hitter,RBI,0.5,119.0,,DraftKings,covers,Aaron_Judge,2026-04-10T01:12:42Z,367971,,,,Total RBIs
2026-04-09,Aaron Judge,hitter,RBI,0.5,105.0,,FanDuel,covers,Aaron_Judge,2026-04-10T01:12:42Z,367971,,,,Total RBIs
2026-04-09,Giancarlo Stanton,hitter,RBI,0.5,132.0,,DraftKings,covers,Giancarlo_Stanton,2026-04-10T01:12:42Z,367971,,,,Total RBIs
2026-04-09,Giancarlo Stanton,hitter,RBI,0.5,135.0,,FanDuel,covers,Giancarlo_Stanton,2026-04-10T01:12:42Z,367971,,,,Total RBIs
2026-04-09,Amed Rosario,hitter,RBI,0.5,187.0,,DraftKings,covers,Amed_Rosario,2026-04-10T01:12:42Z,367971,,,,Total RBIs
2026-04-09,Randal Grichuk,hitter,RBI,0.5,198.0,,DraftKings,covers,Randal_Grichuk,2026-04-10T01:12:42Z,367971,,,,Total RBIs
2026-04-09,Cody Bellinger,hitter,RBI,0.5,201.0,,DraftKings,covers,Cody_Bellinger,2026-04-10T01:12:42Z,367971,,,,Total RBIs
2026-04-09,Cody Bellinger,hitter,RBI,0.5,190.0,,FanDuel,covers,Cody_Bellinger,2026-04-10T01:12:42Z,367971,,,,Total RBIs
2026-04-09,Jazz Chisholm Jr.,hitter,RBI,0.5,223.0,,DraftKings,covers,Jazz_Chisholm_Jr,2026-04-10T01:12:42Z,367971,,,,Total RBIs
2026-04-09,Jazz Chisholm Jr.,hitter,RBI,0.5,210.0,,FanDuel,covers,Jazz_Chisholm_Jr,2026-04-10T01:12:42Z,367971,,,,Total RBIs
2026-04-09,Jose Caballero,hitter,RBI,0.5,273.0,,DraftKings,covers,Jose_Caballero,2026-04-10T01:12:42Z,367971,,,,Total RBIs
2026-04-09,Jose Caballero,hitter,RBI,0.5,210.0,,FanDuel,covers,Jose_Caballero,2026-04-10T01:12:42Z,367971,,,,Total RBIs
2026-04-09,Austin Wells,hitter,RBI,0.5,254.0,,DraftKings,covers,Austin_Wells,2026-04-10T01:12:42Z,367971,,,,Total RBIs
2026-04-09,Austin Wells,hitter,RBI,0.5,220.0,,FanDuel,covers,Austin_Wells,2026-04-10T01:12:42Z,367971,,,,Total RBIs
2026-04-09,Ben Rice,hitter,RBI,0.5,135.0,,FanDuel,covers,Ben_Rice,2026-04-10T01:12:42Z,367971,,,,Total RBIs
2026-04-09,Steven Matz,pitcher,K,4.5,-111.0,-115.0,DraftKings,covers,Steven_Matz,2026-04-10T01:12:42Z,367971,,,,Strikeouts Thrown
2026-04-09,Steven Matz,pitcher,K,4.5,-112.0,-118.0,FanDuel,covers,Steven_Matz,2026-04-10T01:12:42Z,367971,,,,Strikeouts Thrown
2026-04-09,Luis Gil,pitcher,K,4.5,106.0,-135.0,DraftKings,covers,Luis_Gil,2026-04-10T01:12:42Z,367971,,,,Strikeouts Thrown
2026-04-09,Luis Gil,pitcher,K,4.5,-110.0,-120.0,FanDuel,covers,Luis_Gil,2026-04-10T01:12:42Z,367971,,,,Strikeouts Thrown
2026-04-09,Matt Chapman,hitter,H,0.5,-192.0,141.0,DraftKings,covers,Matt_Chapman,2026-04-10T01:12:42Z,368431,,,,Total Hits
2026-04-09,Willy Adames,hitter,H,0.5,-192.0,144.0,DraftKings,covers,Willy_Adames,2026-04-10T01:12:42Z,368431,,,,Total Hits
2026-04-09,Rafael Devers,hitter,H,0.5,-183.0,137.0,DraftKings,covers,Rafael_Devers,2026-04-10T01:12:42Z,368431,,,,Total Hits
2026-04-09,Harrison Bader,hitter,H,0.5,-166.0,124.0,DraftKings,covers,Harrison_Bader,2026-04-10T01:12:42Z,368431,,,,Total Hits
2026-04-09,Heliot Ramos,hitter,H,0.5,-207.0,154.0,DraftKings,covers,Heliot_Ramos,2026-04-10T01:12:42Z,368431,,,,Total Hits
2026-04-09,Jerar Encarnacion,hitter,H,0.5,-177.0,132.0,DraftKings,covers,Jerar_Encarnacion,2026-04-10T01:12:42Z,368431,,,,Total Hits
2026-04-09,Patrick Bailey,hitter,H,0.5,-140.0,106.0,DraftKings,covers,Patrick_Bailey,2026-04-10T01:12:42Z,368431,,,,Total Hits
2026-04-09,Jung Hoo Lee,hitter,H,0.5,-203.0,151.0,DraftKings,covers,Jung_Hoo_Lee,2026-04-10T01:12:42Z,368431,,,,Total Hits
2026-04-09,Pete Alonso,hitter,H,0.5,-253.0,186.0,DraftKings,covers,Pete_Alonso,2026-04-10T01:12:42Z,368431,,,,Total Hits
2026-04-09,Taylor Ward,hitter,H,0.5,-197.0,147.0,DraftKings,covers,Taylor_Ward,2026-04-10T01:12:42Z,368431,,,,Total Hits
2026-04-09,Jeremiah Jackson,hitter,H,0.5,-185.0,138.0,DraftKings,covers,Jeremiah_Jackson,2026-04-10T01:12:42Z,368431,,,,Total Hits
2026-04-09,Adley Rutschman,hitter,H,0.5,-219.0,160.0,DraftKings,covers,Adley_Rutschman,2026-04-10T01:12:42Z,368431,,,,Total Hits
2026-04-09,Coby Mayo,hitter,H,0.5,-153.0,116.0,DraftKings,covers,Coby_Mayo,2026-04-10T01:12:42Z,368431,,,,Total Hits
2026-04-09,Gunnar Henderson,hitter,H,0.5,-242.0,178.0,DraftKings,covers,Gunnar_Henderson,2026-04-10T01:12:42Z,368431,,,,Total Hits
2026-04-09,Colton Cowser,hitter,H,0.5,-153.0,115.0,DraftKings,covers,Colton_Cowser,2026-04-10T01:12:42Z,368431,,,,Total Hits
2026-04-09,Dylan Beavers,hitter,H,0.5,-163.0,123.0,DraftKings,covers,Dylan_Beavers,2026-04-10T01:12:42Z,368431,,,,Total Hits
2026-04-09,Samuel Basallo,hitter,H,0.5,-208.0,151.0,DraftKings,covers,Samuel_Basallo,2026-04-10T01:12:42Z,368431,,,,Total Hits
2026-04-09,Matt Chapman,hitter,HR,0.5,409.0,,DraftKings,covers,Matt_Chapman,2026-04-10T01:12:42Z,368431,,,,Total Home Runs
2026-04-09,Willy Adames,hitter,HR,0.5,426.0,,DraftKings,covers,Willy_Adames,2026-04-10T01:12:42Z,368431,,,,Total Home Runs
2026-04-09,Rafael Devers,hitter,HR,0.5,326.0,,DraftKings,covers,Rafael_Devers,2026-04-10T01:12:42Z,368431,,,,Total Home Runs
2026-04-09,Harrison Bader,hitter,HR,0.5,660.0,,DraftKings,covers,Harrison_Bader,2026-04-10T01:12:42Z,368431,,,,Total Home Runs
2026-04-09,Heliot Ramos,hitter,HR,0.5,540.0,,DraftKings,covers,Heliot_Ramos,2026-04-10T01:12:42Z,368431,,,,Total Home Runs
2026-04-09,Luis Arraez,hitter,HR,0.5,660.0,,DraftKings,covers,Luis_Arraez,2026-04-10T01:12:42Z,368431,,,,Total Home Runs
2026-04-09,Jerar Encarnacion,hitter,HR,0.5,485.0,,DraftKings,covers,Jerar_Encarnacion,2026-04-10T01:12:42Z,368431,,,,Total Home Runs
2026-04-09,Patrick Bailey,hitter,HR,0.5,690.0,,DraftKings,covers,Patrick_Bailey,2026-04-10T01:12:42Z,368431,,,,Total Home Runs
2026-04-09,Jung Hoo Lee,hitter,HR,0.5,650.0,,DraftKings,covers,Jung_Hoo_Lee,2026-04-10T01:12:42Z,368431,,,,Total Home Runs
2026-04-09,Pete Alonso,hitter,HR,0.5,378.0,,DraftKings,covers,Pete_Alonso,2026-04-10T01:12:42Z,368431,,,,Total Home Runs
2026-04-09,Taylor Ward,hitter,HR,0.5,560.0,,DraftKings,covers,Taylor_Ward,2026-04-10T01:12:42Z,368431,,,,Total Home Runs
2026-04-09,Adley Rutschman,hitter,HR,0.5,630.0,,DraftKings,covers,Adley_Rutschman,2026-04-10T01:12:42Z,368431,,,,Total Home Runs
2026-04-09,Coby Mayo,hitter,HR,0.5,780.0,,DraftKings,covers,Coby_Mayo,2026-04-10T01:12:42Z,368431,,,,Total Home Runs
2026-04-09,Gunnar Henderson,hitter,HR,0.5,476.0,,DraftKings,covers,Gunnar_Henderson,2026-04-10T01:12:42Z,368431,,,,Total Home Runs
2026-04-09,Dylan Beavers,hitter,HR,0.5,700.0,,DraftKings,covers,Dylan_Beavers,2026-04-10T01:12:42Z,368431,,,,Total Home Runs
2026-04-09,Samuel Basallo,hitter,HR,0.5,565.0,,DraftKings,covers,Samuel_Basallo,2026-04-10T01:12:42Z,368431,,,,Total Home Runs
2026-04-09,Matt Chapman,hitter,RBI,0.5,168.0,,DraftKings,covers,Matt_Chapman,2026-04-10T01:12:42Z,368431,,,,Total RBIs
2026-04-09,Willy Adames,hitter,RBI,0.5,193.0,,DraftKings,covers,Willy_Adames,2026-04-10T01:12:42Z,368431,,,,Total RBIs
2026-04-09,Rafael Devers,hitter,RBI,0.5,152.0,,DraftKings,covers,Rafael_Devers,2026-04-10T01:12:42Z,368431,,,,Total RBIs
2026-04-09,Harrison Bader,hitter,RBI,0.5,216.0,,DraftKings,covers,Harrison_Bader,2026-04-10T01:12:42Z,368431,,,,Total RBIs
2026-04-09,Heliot Ramos,hitter,RBI,0.5,190.0,,DraftKings,covers,Heliot_Ramos,2026-04-10T01:12:42Z,368431,,,,Total RBIs
2026-04-09,Luis Arraez,hitter,RBI,0.5,204.0,,DraftKings,covers,Luis_Arraez,2026-04-10T01:12:42Z,368431,,,,Total RBIs
2026-04-09,Jerar Encarnacion,hitter,RBI,0.5,193.0,,DraftKings,covers,Jerar_Encarnacion,2026-04-10T01:12:42Z,368431,,,,Total RBIs
2026-04-09,Patrick Bailey,hitter,RBI,0.5,237.0,,DraftKings,covers,Patrick_Bailey,2026-04-10T01:12:42Z,368431,,,,Total RBIs
2026-04-09,Jung Hoo Lee,hitter,RBI,0.5,203.0,,DraftKings,covers,Jung_Hoo_Lee,2026-04-10T01:12:42Z,368431,,,,Total RBIs
2026-04-09,Pete Alonso,hitter,RBI,0.5,142.0,,DraftKings,covers,Pete_Alonso,2026-04-10T01:12:42Z,368431,,,,Total RBIs
2026-04-09,Taylor Ward,hitter,RBI,0.5,212.0,,DraftKings,covers,Taylor_Ward,2026-04-10T01:12:42Z,368431,,,,Total RBIs
2026-04-09,Adley Rutschman,hitter,RBI,0.5,179.0,,DraftKings,covers,Adley_Rutschman,2026-04-10T01:12:42Z,368431,,,,Total RBIs
2026-04-09,Coby Mayo,hitter,RBI,0.5,237.0,,DraftKings,covers,Coby_Mayo,2026-04-10T01:12:42Z,368431,,,,Total RBIs
2026-04-09,Gunnar Henderson,hitter,RBI,0.5,187.0,,DraftKings,covers,Gunnar_Henderson,2026-04-10T01:12:42Z,368431,,,,Total RBIs
2026-04-09,Colton Cowser,hitter,RBI,0.5,224.0,,DraftKings,covers,Colton_Cowser,2026-04-10T01:12:42Z,368431,,,,Total RBIs
2026-04-09,Dylan Beavers,hitter,RBI,0.5,228.0,,DraftKings,covers,Dylan_Beavers,2026-04-10T01:12:42Z,368431,,,,Total RBIs
2026-04-09,Samuel Basallo,hitter,RBI,0.5,180.0,,DraftKings,covers,Samuel_Basallo,2026-04-10T01:12:42Z,368431,,,,Total RBIs
2026-04-09,Landen Roupp,pitcher,K,5.5,-109.0,-117.0,DraftKings,covers,Landen_Roupp,2026-04-10T01:12:42Z,368431,,,,Strikeouts Thrown
2026-04-09,Shane Baz,pitcher,K,5.5,-111.0,-115.0,DraftKings,covers,Shane_Baz,2026-04-10T01:12:42Z,368431,,,,Strikeouts Thrown
2026-04-09,Ronald Acuna Jr.,hitter,H,0.5,-288.0,,DraftKings,covers,Ronald_Acuna_Jr,2026-04-10T01:12:42Z,369780,,,,Total Hits
2026-04-09,Ronald Acuna Jr.,hitter,H,0.5,-319.0,,FanDuel,covers,Ronald_Acuna_Jr,2026-04-10T01:12:42Z,369780,,,,Total Hits
2026-04-09,Mike Yastrzemski,hitter,H,0.5,-151.0,114.0,DraftKings,covers,Mike_Yastrzemski,2026-04-10T01:12:42Z,369780,,,,Total Hits
2026-04-09,Mike Yastrzemski,hitter,H,0.5,-170.0,,FanDuel,covers,Mike_Yastrzemski,2026-04-10T01:12:42Z,369780,,,,Total Hits
2026-04-09,Dominic Smith,hitter,H,0.5,-171.0,128.0,DraftKings,covers,Dominic_Smith,2026-04-10T01:12:42Z,369780,,,,Total Hits
2026-04-09,Dominic Smith,hitter,H,0.5,-175.0,,FanDuel,covers,Dominic_Smith,2026-04-10T01:12:42Z,369780,,,,Total Hits
2026-04-09,Mauricio Dubon,hitter,H,0.5,-174.0,130.0,DraftKings,covers,Mauricio_Dubon,2026-04-10T01:12:42Z,369780,,,,Total Hits
2026-04-09,Mauricio Dubon,hitter,H,0.5,-175.0,,FanDuel,covers,Mauricio_Dubon,2026-04-10T01:12:42Z,369780,,,,Total Hits
2026-04-09,Ozzie Albies,hitter,H,0.5,-168.0,126.0,DraftKings,covers,Ozzie_Albies,2026-04-10T01:12:42Z,369780,,,,Total Hits
2026-04-09,Ozzie Albies,hitter,H,0.5,-180.0,,FanDuel,covers,Ozzie_Albies,2026-04-10T01:12:42Z,369780,,,,Total Hits
2026-04-09,Austin Riley,hitter,H,0.5,-215.0,160.0,DraftKings,covers,Austin_Riley,2026-04-10T01:12:42Z,369780,,,,Total Hits
2026-04-09,Austin Riley,hitter,H,0.5,-260.0,,FanDuel,covers,Austin_Riley,2026-04-10T01:12:42Z,369780,,,,Total Hits
2026-04-09,Matt Olson,hitter,H,0.5,-206.0,154.0,DraftKings,covers,Matt_Olson,2026-04-10T01:12:42Z,369780,,,,Total Hits
2026-04-09,Matt Olson,hitter,H,0.5,-200.0,,FanDuel,covers,Matt_Olson,2026-04-10T01:12:42Z,369780,,,,Total Hits
2026-04-09,Michael Harris II,hitter,H,0.5,-200.0,148.0,DraftKings,covers,Michael_Harris_II,2026-04-10T01:12:42Z,369780,,,,Total Hits
2026-04-09,Michael Harris II,hitter,H,0.5,-220.0,,FanDuel,covers,Michael_Harris_II,2026-04-10T01:12:42Z,369780,,,,Total Hits
2026-04-09,Rhys Hoskins,hitter,H,0.5,-138.0,102.0,DraftKings,covers,Rhys_Hoskins,2026-04-10T01:12:42Z,369780,,,,Total Hits
2026-04-09,Rhys Hoskins,hitter,H,0.5,-155.0,,FanDuel,covers,Rhys_Hoskins,2026-04-10T01:12:42Z,369780,,,,Total Hits
2026-04-09,Jose Ramirez,hitter,H,0.5,-244.0,182.0,DraftKings,covers,Jose_Ramirez,2026-04-10T01:12:42Z,369780,,,,Total Hits
2026-04-09,Jose Ramirez,hitter,H,0.5,-300.0,,FanDuel,covers,Jose_Ramirez,2026-04-10T01:12:42Z,369780,,,,Total Hits
2026-04-09,Brayan Rocchio,hitter,H,0.5,-147.0,111.0,DraftKings,covers,Brayan_Rocchio,2026-04-10T01:12:42Z,369780,,,,Total Hits
2026-04-09,Brayan Rocchio,hitter,H,0.5,-155.0,,FanDuel,covers,Brayan_Rocchio,2026-04-10T01:12:42Z,369780,,,,Total Hits
2026-04-09,Steven Kwan,hitter,H,0.5,-271.0,195.0,DraftKings,covers,Steven_Kwan,2026-04-10T01:12:42Z,369780,,,,Total Hits
2026-04-09,Steven Kwan,hitter,H,0.5,-250.0,,FanDuel,covers,Steven_Kwan,2026-04-10T01:12:42Z,369780,,,,Total Hits
2026-04-09,Daniel Schneemann,hitter,H,0.5,-126.0,-104.0,DraftKings,covers,Daniel_Schneemann,2026-04-10T01:12:42Z,369780,,,,Total Hits
2026-04-09,Bo Naylor,hitter,H,0.5,-155.0,117.0,DraftKings,covers,Bo_Naylor,2026-04-10T01:12:42Z,369780,,,,Total Hits
2026-04-09,Bo Naylor,hitter,H,0.5,-170.0,,FanDuel,covers,Bo_Naylor,2026-04-10T01:12:42Z,369780,,,,Total Hits
2026-04-09,Kyle Manzardo,hitter,H,0.5,-164.0,123.0,DraftKings,covers,Kyle_Manzardo,2026-04-10T01:12:42Z,369780,,,,Total Hits
2026-04-09,Kyle Manzardo,hitter,H,0.5,-170.0,,FanDuel,covers,Kyle_Manzardo,2026-04-10T01:12:42Z,369780,,,,Total Hits
2026-04-09,Chase DeLauter,hitter,H,0.5,-215.0,160.0,DraftKings,covers,Chase_DeLauter,2026-04-10T01:12:42Z,369780,,,,Total Hits
2026-04-09,Chase DeLauter,hitter,H,0.5,-220.0,,FanDuel,covers,Chase_DeLauter,2026-04-10T01:12:42Z,369780,,,,Total Hits
2026-04-09,CJ Kayfus,hitter,H,0.5,-128.0,-103.0,DraftKings,covers,CJ_Kayfus,2026-04-10T01:12:42Z,369780,,,,Total Hits
2026-04-09,CJ Kayfus,hitter,H,0.5,-190.0,,FanDuel,covers,CJ_Kayfus,2026-04-10T01:12:42Z,369780,,,,Total Hits
2026-04-09,Ronald Acuna Jr.,hitter,HR,0.5,439.0,,DraftKings,covers,Ronald_Acuna_Jr,2026-04-10T01:12:42Z,369780,,,,Total Home Runs
2026-04-09,Ronald Acuna Jr.,hitter,HR,0.5,330.0,,FanDuel,covers,Ronald_Acuna_Jr,2026-04-10T01:12:42Z,369780,,,,Total Home Runs
2026-04-09,Mike Yastrzemski,hitter,HR,0.5,477.0,,DraftKings,covers,Mike_Yastrzemski,2026-04-10T01:12:42Z,369780,,,,Total Home Runs
2026-04-09,Mike Yastrzemski,hitter,HR,0.5,540.0,,FanDuel,covers,Mike_Yastrzemski,2026-04-10T01:12:42Z,369780,,,,Total Home Runs
2026-04-09,Dominic Smith,hitter,HR,0.5,569.0,,DraftKings,covers,Dominic_Smith,2026-04-10T01:12:42Z,369780,,,,Total Home Runs
2026-04-09,Dominic Smith,hitter,HR,0.5,710.0,,FanDuel,covers,Dominic_Smith,2026-04-10T01:12:42Z,369780,,,,Total Home Runs
2026-04-09,Mauricio Dubon,hitter,HR,0.5,710.0,,DraftKings,covers,Mauricio_Dubon,2026-04-10T01:12:42Z,369780,,,,Total Home Runs
2026-04-09,Mauricio Dubon,hitter,HR,0.5,1200.0,,FanDuel,covers,Mauricio_Dubon,2026-04-10T01:12:42Z,369780,,,,Total Home Runs
2026-04-09,Ozzie Albies,hitter,HR,0.5,620.0,,DraftKings,covers,Ozzie_Albies,2026-04-10T01:12:42Z,369780,,,,Total Home Runs
2026-04-09,Ozzie Albies,hitter,HR,0.5,680.0,,FanDuel,covers,Ozzie_Albies,2026-04-10T01:12:42Z,369780,,,,Total Home Runs
2026-04-09,Austin Riley,hitter,HR,0.5,428.0,,DraftKings,covers,Austin_Riley,2026-04-10T01:12:42Z,369780,,,,Total Home Runs
2026-04-09,Austin Riley,hitter,HR,0.5,360.0,,FanDuel,covers,Austin_Riley,2026-04-10T01:12:42Z,369780,,,,Total Home Runs
2026-04-09,Matt Olson,hitter,HR,0.5,314.0,,DraftKings,covers,Matt_Olson,2026-04-10T01:12:42Z,369780,,,,Total Home Runs
2026-04-09,Matt Olson,hitter,HR,0.5,340.0,,FanDuel,covers,Matt_Olson,2026-04-10T01:12:42Z,369780,,,,Total Home Runs
2026-04-09,Michael Harris II,hitter,HR,0.5,576.0,,DraftKings,covers,Michael_Harris_II,2026-04-10T01:12:42Z,369780,,,,Total Home Runs
2026-04-09,Michael Harris II,hitter,HR,0.5,570.0,,FanDuel,covers,Michael_Harris_II,2026-04-10T01:12:42Z,369780,,,,Total Home Runs
2026-04-09,Drake Baldwin,hitter,HR,0.5,420.0,,DraftKings,covers,Drake_Baldwin,2026-04-10T01:12:42Z,369780,,,,Total Home Runs
2026-04-09,Drake Baldwin,hitter,HR,0.5,490.0,,FanDuel,covers,Drake_Baldwin,2026-04-10T01:12:42Z,369780,,,,Total Home Runs
2026-04-09,Rhys Hoskins,hitter,HR,0.5,488.0,,DraftKings,covers,Rhys_Hoskins,2026-04-10T01:12:42Z,369780,,,,Total Home Runs
2026-04-09,Rhys Hoskins,hitter,HR,0.5,490.0,,FanDuel,covers,Rhys_Hoskins,2026-04-10T01:12:42Z,369780,,,,Total Home Runs
2026-04-09,Jose Ramirez,hitter,HR,0.5,450.0,,DraftKings,covers,Jose_Ramirez,2026-04-10T01:12:42Z,369780,,,,Total Home Runs
2026-04-09,Jose Ramirez,hitter,HR,0.5,470.0,,FanDuel,covers,Jose_Ramirez,2026-04-10T01:12:42Z,369780,,,,Total Home Runs
2026-04-09,Brayan Rocchio,hitter,HR,0.5,780.0,,DraftKings,covers,Brayan_Rocchio,2026-04-10T01:12:42Z,369780,,,,Total Home Runs
2026-04-09,Brayan Rocchio,hitter,HR,0.5,1040.0,,FanDuel,covers,Brayan_Rocchio,2026-04-10T01:12:42Z,369780,,,,Total Home Runs
2026-04-09,Steven Kwan,hitter,HR,0.5,770.0,,DraftKings,covers,Steven_Kwan,2026-04-10T01:12:42Z,369780,,,,Total Home Runs
2026-04-09,Steven Kwan,hitter,HR,0.5,1200.0,,FanDuel,covers,Steven_Kwan,2026-04-10T01:12:42Z,369780,,,,Total Home Runs
2026-04-09,Daniel Schneemann,hitter,HR,0.5,610.0,,DraftKings,covers,Daniel_Schneemann,2026-04-10T01:12:42Z,369780,,,,Total Home Runs
2026-04-09,Bo Naylor,hitter,HR,0.5,462.0,,DraftKings,covers,Bo_Naylor,2026-04-10T01:12:42Z,369780,,,,Total Home Runs
2026-04-09,Bo Naylor,hitter,HR,0.5,540.0,,FanDuel,covers,Bo_Naylor,2026-04-10T01:12:42Z,369780,,,,Total Home Runs
2026-04-09,Kyle Manzardo,hitter,HR,0.5,442.0,,DraftKings,covers,Kyle_Manzardo,2026-04-10T01:12:42Z,369780,,,,Total Home Runs
2026-04-09,Kyle Manzardo,hitter,HR,0.5,520.0,,FanDuel,covers,Kyle_Manzardo,2026-04-10T01:12:42Z,369780,,,,Total Home Runs
2026-04-09,Chase DeLauter,hitter,HR,0.5,412.0,,DraftKings,covers,Chase_DeLauter,2026-04-10T01:12:42Z,369780,,,,Total Home Runs
2026-04-09,Chase DeLauter,hitter,HR,0.5,680.0,,FanDuel,covers,Chase_DeLauter,2026-04-10T01:12:42Z,369780,,,,Total Home Runs
2026-04-09,Ronald Acuna Jr.,hitter,RBI,0.5,193.0,,DraftKings,covers,Ronald_Acuna_Jr,2026-04-10T01:12:42Z,369780,,,,Total RBIs
2026-04-09,Ronald Acuna Jr.,hitter,RBI,0.5,150.0,,FanDuel,covers,Ronald_Acuna_Jr,2026-04-10T01:12:42Z,369780,,,,Total RBIs
2026-04-09,Mike Yastrzemski,hitter,RBI,0.5,200.0,,DraftKings,covers,Mike_Yastrzemski,2026-04-10T01:12:42Z,369780,,,,Total RBIs
2026-04-09,Mike Yastrzemski,hitter,RBI,0.5,190.0,,FanDuel,covers,Mike_Yastrzemski,2026-04-10T01:12:42Z,369780,,,,Total RBIs
2026-04-09,Dominic Smith,hitter,RBI,0.5,207.0,,DraftKings,covers,Dominic_Smith,2026-04-10T01:12:42Z,369780,,,,Total RBIs
2026-04-09,Dominic Smith,hitter,RBI,0.5,220.0,,FanDuel,covers,Dominic_Smith,2026-04-10T01:12:42Z,369780,,,,Total RBIs
2026-04-09,Mauricio Dubon,hitter,RBI,0.5,244.0,,DraftKings,covers,Mauricio_Dubon,2026-04-10T01:12:42Z,369780,,,,Total RBIs
2026-04-09,Mauricio Dubon,hitter,RBI,0.5,250.0,,FanDuel,covers,Mauricio_Dubon,2026-04-10T01:12:42Z,369780,,,,Total RBIs
2026-04-09,Ozzie Albies,hitter,RBI,0.5,222.0,,DraftKings,covers,Ozzie_Albies,2026-04-10T01:12:42Z,369780,,,,Total RBIs
2026-04-09,Ozzie Albies,hitter,RBI,0.5,200.0,,FanDuel,covers,Ozzie_Albies,2026-04-10T01:12:42Z,369780,,,,Total RBIs
2026-04-09,Austin Riley,hitter,RBI,0.5,166.0,,DraftKings,covers,Austin_Riley,2026-04-10T01:12:42Z,369780,,,,Total RBIs
2026-04-09,Austin Riley,hitter,RBI,0.5,135.0,,FanDuel,covers,Austin_Riley,2026-04-10T01:12:42Z,369780,,,,Total RBIs
2026-04-09,Matt Olson,hitter,RBI,0.5,146.0,,DraftKings,covers,Matt_Olson,2026-04-10T01:12:42Z,369780,,,,Total RBIs
2026-04-09,Matt Olson,hitter,RBI,0.5,150.0,,FanDuel,covers,Matt_Olson,2026-04-10T01:12:42Z,369780,,,,Total RBIs
2026-04-09,Michael Harris II,hitter,RBI,0.5,207.0,,DraftKings,covers,Michael_Harris_II,2026-04-10T01:12:42Z,369780,,,,Total RBIs
2026-04-09,Michael Harris II,hitter,RBI,0.5,190.0,,FanDuel,covers,Michael_Harris_II,2026-04-10T01:12:42Z,369780,,,,Total RBIs
2026-04-09,Drake Baldwin,hitter,RBI,0.5,168.0,,DraftKings,covers,Drake_Baldwin,2026-04-10T01:12:42Z,369780,,,,Total RBIs
2026-04-09,Drake Baldwin,hitter,RBI,0.5,170.0,,FanDuel,covers,Drake_Baldwin,2026-04-10T01:12:42Z,369780,,,,Total RBIs
2026-04-09,Rhys Hoskins,hitter,RBI,0.5,210.0,,DraftKings,covers,Rhys_Hoskins,2026-04-10T01:12:42Z,369780,,,,Total RBIs
2026-04-09,Rhys Hoskins,hitter,RBI,0.5,175.0,,FanDuel,covers,Rhys_Hoskins,2026-04-10T01:12:42Z,369780,,,,Total RBIs
2026-04-09,Jose Ramirez,hitter,RBI,0.5,160.0,,DraftKings,covers,Jose_Ramirez,2026-04-10T01:12:42Z,369780,,,,Total RBIs
2026-04-09,Jose Ramirez,hitter,RBI,0.5,135.0,,FanDuel,covers,Jose_Ramirez,2026-04-10T01:12:42Z,369780,,,,Total RBIs
2026-04-09,Brayan Rocchio,hitter,RBI,0.5,262.0,,DraftKings,covers,Brayan_Rocchio,2026-04-10T01:12:42Z,369780,,,,Total RBIs
2026-04-09,Brayan Rocchio,hitter,RBI,0.5,240.0,,FanDuel,covers,Brayan_Rocchio,2026-04-10T01:12:42Z,369780,,,,Total RBIs
2026-04-09,Steven Kwan,hitter,RBI,0.5,236.0,,DraftKings,covers,Steven_Kwan,2026-04-10T01:12:42Z,369780,,,,Total RBIs
2026-04-09,Steven Kwan,hitter,RBI,0.5,220.0,,FanDuel,covers,Steven_Kwan,2026-04-10T01:12:42Z,369780,,,,Total RBIs
2026-04-09,Daniel Schneemann,hitter,RBI,0.5,247.0,,DraftKings,covers,Daniel_Schneemann,2026-04-10T01:12:42Z,369780,,,,Total RBIs
2026-04-09,Bo Naylor,hitter,RBI,0.5,211.0,,DraftKings,covers,Bo_Naylor,2026-04-10T01:12:42Z,369780,,,,Total RBIs
2026-04-09,Bo Naylor,hitter,RBI,0.5,200.0,,FanDuel,covers,Bo_Naylor,2026-04-10T01:12:42Z,369780,,,,Total RBIs
2026-04-09,Kyle Manzardo,hitter,RBI,0.5,168.0,,DraftKings,covers,Kyle_Manzardo,2026-04-10T01:12:42Z,369780,,,,Total RBIs
2026-04-09,Kyle Manzardo,hitter,RBI,0.5,155.0,,FanDuel,covers,Kyle_Manzardo,2026-04-10T01:12:42Z,369780,,,,Total RBIs
2026-04-09,Juan Brito,hitter,RBI,0.5,220.0,,FanDuel,covers,Juan_Brito,2026-04-10T01:12:42Z,369780,,,,Total RBIs
2026-04-09,Chase DeLauter,hitter,RBI,0.5,174.0,,DraftKings,covers,Chase_DeLauter,2026-04-10T01:12:42Z,369780,,,,Total RBIs
2026-04-09,Chase DeLauter,hitter,RBI,0.5,195.0,,FanDuel,covers,Chase_DeLauter,2026-04-10T01:12:42Z,369780,,,,Total RBIs
2026-04-09,CJ Kayfus,hitter,RBI,0.5,246.0,,DraftKings,covers,CJ_Kayfus,2026-04-10T01:12:42Z,369780,,,,Total RBIs
2026-04-09,CJ Kayfus,hitter,RBI,0.5,210.0,,FanDuel,covers,CJ_Kayfus,2026-04-10T01:12:42Z,369780,,,,Total RBIs
2026-04-09,Bryce Elder,pitcher,K,4.5,-116.0,-110.0,DraftKings,covers,Bryce_Elder,2026-04-10T01:12:42Z,369780,,,,Strikeouts Thrown
2026-04-09,Bryce Elder,pitcher,K,4.5,-102.0,-130.0,FanDuel,covers,Bryce_Elder,2026-04-10T01:12:42Z,369780,,,,Strikeouts Thrown
2026-04-09,Slade Cecconi,pitcher,K,4.5,107.0,-138.0,DraftKings,covers,Slade_Cecconi,2026-04-10T01:12:42Z,369780,,,,Strikeouts Thrown
2026-04-09,Slade Cecconi,pitcher,K,4.5,106.0,-140.0,FanDuel,covers,Slade_Cecconi,2026-04-10T01:12:42Z,369780,,,,Strikeouts Thrown
2026-04-09,JJ Bleday,hitter,H,0.5,-212.0,161.0,DraftKings,covers,JJ_Bleday,2026-04-10T01:12:42Z,369801,,,,Total Hits
2026-04-09,Ramon Urias,hitter,H,0.5,-160.0,120.0,DraftKings,covers,Ramon_Urias,2026-04-10T01:12:42Z,369801,,,,Total Hits
2026-04-09,Yohel Pozo,hitter,H,0.5,-165.0,124.0,DraftKings,covers,Yohel_Pozo,2026-04-10T01:12:42Z,369801,,,,Total Hits
2026-04-09,Ivan Herrera,hitter,H,0.5,-209.0,155.0,DraftKings,covers,Ivan_Herrera,2026-04-10T01:12:42Z,369801,,,,Total Hits
2026-04-09,Alec Burleson,hitter,H,0.5,-211.0,161.0,DraftKings,covers,Alec_Burleson,2026-04-10T01:12:42Z,369801,,,,Total Hits
2026-04-09,Thomas Saggese,hitter,H,0.5,-155.0,117.0,DraftKings,covers,Thomas_Saggese,2026-04-10T01:12:42Z,369801,,,,Total Hits
2026-04-09,Masyn Winn,hitter,H,0.5,-194.0,145.0,DraftKings,covers,Masyn_Winn,2026-04-10T01:12:42Z,369801,,,,Total Hits
2026-04-09,Jordan Walker,hitter,H,0.5,-167.0,125.0,DraftKings,covers,Jordan_Walker,2026-04-10T01:12:42Z,369801,,,,Total Hits
2026-04-09,Victor Scott II,hitter,H,0.5,-116.0,-115.0,DraftKings,covers,Victor_Scott_II,2026-04-10T01:12:42Z,369801,,,,Total Hits
2026-04-09,Trevor Story,hitter,H,0.5,-236.0,175.0,DraftKings,covers,Trevor_Story,2026-04-10T01:12:42Z,369801,,,,Total Hits
2026-04-09,Willson Contreras,hitter,H,0.5,-224.0,171.0,DraftKings,covers,Willson_Contreras,2026-04-10T01:12:42Z,369801,,,,Total Hits
2026-04-09,Jarren Duran,hitter,H,0.5,-213.0,160.0,DraftKings,covers,Jarren_Duran,2026-04-10T01:12:42Z,369801,,,,Total Hits
2026-04-09,Ceddanne Rafaela,hitter,H,0.5,-194.0,145.0,DraftKings,covers,Ceddanne_Rafaela,2026-04-10T01:12:42Z,369801,,,,Total Hits
2026-04-09,Wilyer Abreu,hitter,H,0.5,-214.0,159.0,DraftKings,covers,Wilyer_Abreu,2026-04-10T01:12:42Z,369801,,,,Total Hits
2026-04-09,Marcelo Mayer,hitter,H,0.5,-171.0,128.0,DraftKings,covers,Marcelo_Mayer,2026-04-10T01:12:42Z,369801,,,,Total Hits
2026-04-09,Caleb Durbin,hitter,H,0.5,-209.0,158.0,DraftKings,covers,Caleb_Durbin,2026-04-10T01:12:42Z,369801,,,,Total Hits
2026-04-09,Carlos Narvaez,hitter,H,0.5,-166.0,125.0,DraftKings,covers,Carlos_Narvaez,2026-04-10T01:12:42Z,369801,,,,Total Hits
2026-04-09,Roman Anthony,hitter,H,0.5,-232.0,172.0,DraftKings,covers,Roman_Anthony,2026-04-10T01:12:42Z,369801,,,,Total Hits
2026-04-09,JJ Bleday,hitter,HR,0.5,820.0,,DraftKings,covers,JJ_Bleday,2026-04-10T01:12:42Z,369801,,,,Total Home Runs
2026-04-09,Ramon Urias,hitter,HR,0.5,700.0,,DraftKings,covers,Ramon_Urias,2026-04-10T01:12:42Z,369801,,,,Total Home Runs
2026-04-09,Ivan Herrera,hitter,HR,0.5,544.0,,DraftKings,covers,Ivan_Herrera,2026-04-10T01:12:42Z,369801,,,,Total Home Runs
2026-04-09,Alec Burleson,hitter,HR,0.5,630.0,,DraftKings,covers,Alec_Burleson,2026-04-10T01:12:42Z,369801,,,,Total Home Runs
2026-04-09,Thomas Saggese,hitter,HR,0.5,800.0,,DraftKings,covers,Thomas_Saggese,2026-04-10T01:12:42Z,369801,,,,Total Home Runs
2026-04-09,Masyn Winn,hitter,HR,0.5,720.0,,DraftKings,covers,Masyn_Winn,2026-04-10T01:12:42Z,369801,,,,Total Home Runs
2026-04-09,Jordan Walker,hitter,HR,0.5,680.0,,DraftKings,covers,Jordan_Walker,2026-04-10T01:12:42Z,369801,,,,Total Home Runs
2026-04-09,Victor Scott II,hitter,HR,0.5,1100.0,,DraftKings,covers,Victor_Scott_II,2026-04-10T01:12:42Z,369801,,,,Total Home Runs
2026-04-09,Trevor Story,hitter,HR,0.5,650.0,,DraftKings,covers,Trevor_Story,2026-04-10T01:12:42Z,369801,,,,Total Home Runs
2026-04-09,Willson Contreras,hitter,HR,0.5,559.0,,DraftKings,covers,Willson_Contreras,2026-04-10T01:12:42Z,369801,,,,Total Home Runs
2026-04-09,Jarren Duran,hitter,HR,0.5,690.0,,DraftKings,covers,Jarren_Duran,2026-04-10T01:12:42Z,369801,,,,Total Home Runs
2026-04-09,Ceddanne Rafaela,hitter,HR,0.5,1080.0,,DraftKings,covers,Ceddanne_Rafaela,2026-04-10T01:12:42Z,369801,,,,Total Home Runs
2026-04-09,Wilyer Abreu,hitter,HR,0.5,460.0,,DraftKings,covers,Wilyer_Abreu,2026-04-10T01:12:42Z,369801,,,,Total Home Runs
2026-04-09,Marcelo Mayer,hitter,HR,0.5,850.0,,DraftKings,covers,Marcelo_Mayer,2026-04-10T01:12:42Z,369801,,,,Total Home Runs
2026-04-09,Caleb Durbin,hitter,HR,0.5,1140.0,,DraftKings,covers,Caleb_Durbin,2026-04-10T01:12:42Z,369801,,,,Total Home Runs
2026-04-09,Carlos Narvaez,hitter,HR,0.5,850.0,,DraftKings,covers,Carlos_Narvaez,2026-04-10T01:12:42Z,369801,,,,Total Home Runs
2026-04-09,Roman Anthony,hitter,HR,0.5,610.0,,DraftKings,covers,Roman_Anthony,2026-04-10T01:12:42Z,369801,,,,Total Home Runs
2026-04-09,JJ Bleday,hitter,RBI,0.5,260.0,,DraftKings,covers,JJ_Bleday,2026-04-10T01:12:42Z,369801,,,,Total RBIs
2026-04-09,Ramon Urias,hitter,RBI,0.5,241.0,,DraftKings,covers,Ramon_Urias,2026-04-10T01:12:42Z,369801,,,,Total RBIs
2026-04-09,Yohel Pozo,hitter,RBI,0.5,247.0,,DraftKings,covers,Yohel_Pozo,2026-04-10T01:12:42Z,369801,,,,Total RBIs
2026-04-09,Ivan Herrera,hitter,RBI,0.5,208.0,,DraftKings,covers,Ivan_Herrera,2026-04-10T01:12:42Z,369801,,,,Total RBIs
2026-04-09,Alec Burleson,hitter,RBI,0.5,211.0,,DraftKings,covers,Alec_Burleson,2026-04-10T01:12:42Z,369801,,,,Total RBIs
2026-04-09,Thomas Saggese,hitter,RBI,0.5,258.0,,DraftKings,covers,Thomas_Saggese,2026-04-10T01:12:42Z,369801,,,,Total RBIs
2026-04-09,Masyn Winn,hitter,RBI,0.5,218.0,,DraftKings,covers,Masyn_Winn,2026-04-10T01:12:42Z,369801,,,,Total RBIs
2026-04-09,Jordan Walker,hitter,RBI,0.5,219.0,,DraftKings,covers,Jordan_Walker,2026-04-10T01:12:42Z,369801,,,,Total RBIs
2026-04-09,Victor Scott II,hitter,RBI,0.5,327.0,,DraftKings,covers,Victor_Scott_II,2026-04-10T01:12:42Z,369801,,,,Total RBIs
2026-04-09,Trevor Story,hitter,RBI,0.5,183.0,,DraftKings,covers,Trevor_Story,2026-04-10T01:12:42Z,369801,,,,Total RBIs
2026-04-09,Willson Contreras,hitter,RBI,0.5,169.0,,DraftKings,covers,Willson_Contreras,2026-04-10T01:12:42Z,369801,,,,Total RBIs
2026-04-09,Jarren Duran,hitter,RBI,0.5,212.0,,DraftKings,covers,Jarren_Duran,2026-04-10T01:12:42Z,369801,,,,Total RBIs
2026-04-09,Ceddanne Rafaela,hitter,RBI,0.5,221.0,,DraftKings,covers,Ceddanne_Rafaela,2026-04-10T01:12:42Z,369801,,,,Total RBIs
2026-04-09,Wilyer Abreu,hitter,RBI,0.5,155.0,,DraftKings,covers,Wilyer_Abreu,2026-04-10T01:12:42Z,369801,,,,Total RBIs
2026-04-09,Marcelo Mayer,hitter,RBI,0.5,220.0,,DraftKings,covers,Marcelo_Mayer,2026-04-10T01:12:42Z,369801,,,,Total RBIs
2026-04-09,Caleb Durbin,hitter,RBI,0.5,210.0,,DraftKings,covers,Caleb_Durbin,2026-04-10T01:12:42Z,369801,,,,Total RBIs
2026-04-09,Carlos Narvaez,hitter,RBI,0.5,224.0,,DraftKings,covers,Carlos_Narvaez,2026-04-10T01:12:42Z,369801,,,,Total RBIs
2026-04-09,Roman Anthony,hitter,RBI,0.5,202.0,,DraftKings,covers,Roman_Anthony,2026-04-10T01:12:42Z,369801,,,,Total RBIs
2026-04-09,Dustin May,pitcher,K,4.5,-103.0,-123.0,DraftKings,covers,Dustin_May,2026-04-10T01:12:42Z,369801,,,,Strikeouts Thrown
2026-04-09,Connelly Early,pitcher,K,5.5,-111.0,-115.0,DraftKings,covers,Connelly_Early,2026-04-10T01:12:42Z,369801,,,,Strikeouts Thrown
2026-04-09,Teoscar Hernandez,hitter,H,0.5,-210.0,156.0,DraftKings,covers,Teoscar_Hernandez,2026-04-10T01:12:42Z,368938,,,,Total Hits
2026-04-09,Teoscar Hernandez,hitter,H,0.5,-230.0,,FanDuel,covers,Teoscar_Hernandez,2026-04-10T01:12:42Z,368938,,,,Total Hits
2026-04-09,Kyle Tucker,hitter,H,0.5,-253.0,186.0,DraftKings,covers,Kyle_Tucker,2026-04-10T01:12:42Z,368938,,,,Total Hits
2026-04-09,Kyle Tucker,hitter,H,0.5,-260.0,,FanDuel,covers,Kyle_Tucker,2026-04-10T01:12:42Z,368938,,,,Total Hits
2026-04-09,Andy Pages,hitter,H,0.5,-201.0,150.0,DraftKings,covers,Andy_Pages,2026-04-10T01:12:42Z,368938,,,,Total Hits
2026-04-09,Andy Pages,hitter,H,0.5,-200.0,,FanDuel,covers,Andy_Pages,2026-04-10T01:12:42Z,368938,,,,Total Hits
2026-04-09,Alex Freeland,hitter,H,0.5,-137.0,104.0,DraftKings,covers,Alex_Freeland,2026-04-10T01:12:42Z,368938,,,,Total Hits
2026-04-09,Alex Freeland,hitter,H,0.5,-140.0,,FanDuel,covers,Alex_Freeland,2026-04-10T01:12:42Z,368938,,,,Total Hits
2026-04-09,Will Smith,hitter,H,0.5,-228.0,169.0,DraftKings,covers,Will_Smith,2026-04-10T01:12:42Z,368938,,,,Total Hits
2026-04-09,Will Smith,hitter,H,0.5,-240.0,,FanDuel,covers,Will_Smith,2026-04-10T01:12:42Z,368938,,,,Total Hits
2026-04-09,Hyeseong Kim,hitter,H,0.5,-151.0,114.0,DraftKings,covers,Hyeseong_Kim,2026-04-10T01:12:42Z,368938,,,,Total Hits
2026-04-09,Hyeseong Kim,hitter,H,0.5,-165.0,,FanDuel,covers,Hyeseong_Kim,2026-04-10T01:12:42Z,368938,,,,Total Hits
2026-04-09,Corey Seager,hitter,H,0.5,-196.0,147.0,DraftKings,covers,Corey_Seager,2026-04-10T01:12:42Z,368938,,,,Total Hits
2026-04-09,Corey Seager,hitter,H,0.5,-240.0,,FanDuel,covers,Corey_Seager,2026-04-10T01:12:42Z,368938,,,,Total Hits
2026-04-09,Brandon Nimmo,hitter,H,0.5,-193.0,144.0,DraftKings,covers,Brandon_Nimmo,2026-04-10T01:12:42Z,368938,,,,Total Hits
2026-04-09,Brandon Nimmo,hitter,H,0.5,-210.0,,FanDuel,covers,Brandon_Nimmo,2026-04-10T01:12:42Z,368938,,,,Total Hits
2026-04-09,Danny Jansen,hitter,H,0.5,-131.0,-101.0,DraftKings,covers,Danny_Jansen,2026-04-10T01:12:42Z,368938,,,,Total Hits
2026-04-09,Danny Jansen,hitter,H,0.5,-135.0,,FanDuel,covers,Danny_Jansen,2026-04-10T01:12:42Z,368938,,,,Total Hits
2026-04-09,Jake Burger,hitter,H,0.5,-165.0,124.0,DraftKings,covers,Jake_Burger,2026-04-10T01:12:42Z,368938,,,,Total Hits
2026-04-09,Jake Burger,hitter,H,0.5,-165.0,,FanDuel,covers,Jake_Burger,2026-04-10T01:12:42Z,368938,,,,Total Hits
2026-04-09,Joc Pederson,hitter,H,0.5,-112.0,-119.0,DraftKings,covers,Joc_Pederson,2026-04-10T01:12:42Z,368938,,,,Total Hits
2026-04-09,Joc Pederson,hitter,H,0.5,-140.0,,FanDuel,covers,Joc_Pederson,2026-04-10T01:12:42Z,368938,,,,Total Hits
2026-04-09,Josh Jung,hitter,H,0.5,-138.0,104.0,DraftKings,covers,Josh_Jung,2026-04-10T01:12:42Z,368938,,,,Total Hits
2026-04-09,Josh Jung,hitter,H,0.5,-150.0,,FanDuel,covers,Josh_Jung,2026-04-10T01:12:42Z,368938,,,,Total Hits
2026-04-09,Josh Smith,hitter,H,0.5,-110.0,-120.0,DraftKings,covers,Josh_Smith,2026-04-10T01:12:42Z,368938,,,,Total Hits
2026-04-09,Josh Smith,hitter,H,0.5,-115.0,,FanDuel,covers,Josh_Smith,2026-04-10T01:12:42Z,368938,,,,Total Hits
2026-04-09,Evan Carter,hitter,H,0.5,-130.0,-102.0,DraftKings,covers,Evan_Carter,2026-04-10T01:12:42Z,368938,,,,Total Hits
2026-04-09,Evan Carter,hitter,H,0.5,-135.0,,FanDuel,covers,Evan_Carter,2026-04-10T01:12:42Z,368938,,,,Total Hits
2026-04-09,Wyatt Langford,hitter,H,0.5,-172.0,127.0,DraftKings,covers,Wyatt_Langford,2026-04-10T01:12:42Z,368938,,,,Total Hits
2026-04-09,Wyatt Langford,hitter,H,0.5,-175.0,,FanDuel,covers,Wyatt_Langford,2026-04-10T01:12:42Z,368938,,,,Total Hits
2026-04-09,Max Muncy,hitter,H,0.5,-180.0,134.0,DraftKings,covers,Max_Muncy,2026-04-10T01:12:42Z,368938,,,,Total Hits
2026-04-09,Max Muncy,hitter,H,0.5,-220.0,,FanDuel,covers,Max_Muncy,2026-04-10T01:12:42Z,368938,,,,Total Hits
2026-04-09,Shohei Ohtani,hitter,HR,0.5,161.0,,DraftKings,covers,Shohei_Ohtani,2026-04-10T01:12:42Z,368938,,,,Total Home Runs
2026-04-09,Shohei Ohtani,hitter,HR,0.5,210.0,,FanDuel,covers,Shohei_Ohtani,2026-04-10T01:12:42Z,368938,,,,Total Home Runs
2026-04-09,Teoscar Hernandez,hitter,HR,0.5,373.0,,DraftKings,covers,Teoscar_Hernandez,2026-04-10T01:12:42Z,368938,,,,Total Home Runs
2026-04-09,Teoscar Hernandez,hitter,HR,0.5,390.0,,FanDuel,covers,Teoscar_Hernandez,2026-04-10T01:12:42Z,368938,,,,Total Home Runs
2026-04-09,Freddie Freeman,hitter,HR,0.5,370.0,,DraftKings,covers,Freddie_Freeman,2026-04-10T01:12:42Z,368938,,,,Total Home Runs
2026-04-09,Freddie Freeman,hitter,HR,0.5,390.0,,FanDuel,covers,Freddie_Freeman,2026-04-10T01:12:42Z,368938,,,,Total Home Runs
2026-04-09,Kyle Tucker,hitter,HR,0.5,323.0,,DraftKings,covers,Kyle_Tucker,2026-04-10T01:12:42Z,368938,,,,Total Home Runs
2026-04-09,Kyle Tucker,hitter,HR,0.5,370.0,,FanDuel,covers,Kyle_Tucker,2026-04-10T01:12:42Z,368938,,,,Total Home Runs
2026-04-09,Andy Pages,hitter,HR,0.5,420.0,,DraftKings,covers,Andy_Pages,2026-04-10T01:12:42Z,368938,,,,Total Home Runs
2026-04-09,Andy Pages,hitter,HR,0.5,470.0,,FanDuel,covers,Andy_Pages,2026-04-10T01:12:42Z,368938,,,,Total Home Runs
2026-04-09,Alex Freeland,hitter,HR,0.5,566.0,,DraftKings,covers,Alex_Freeland,2026-04-10T01:12:42Z,368938,,,,Total Home Runs
2026-04-09,Alex Freeland,hitter,HR,0.5,610.0,,FanDuel,covers,Alex_Freeland,2026-04-10T01:12:42Z,368938,,,,Total Home Runs
2026-04-09,Will Smith,hitter,HR,0.5,392.0,,DraftKings,covers,Will_Smith,2026-04-10T01:12:42Z,368938,,,,Total Home Runs
2026-04-09,Will Smith,hitter,HR,0.5,410.0,,FanDuel,covers,Will_Smith,2026-04-10T01:12:42Z,368938,,,,Total Home Runs
2026-04-09,Corey Seager,hitter,HR,0.5,370.0,,DraftKings,covers,Corey_Seager,2026-04-10T01:12:42Z,368938,,,,Total Home Runs
2026-04-09,Corey Seager,hitter,HR,0.5,350.0,,FanDuel,covers,Corey_Seager,2026-04-10T01:12:42Z,368938,,,,Total Home Runs
2026-04-09,Brandon Nimmo,hitter,HR,0.5,474.0,,DraftKings,covers,Brandon_Nimmo,2026-04-10T01:12:42Z,368938,,,,Total Home Runs
2026-04-09,Brandon Nimmo,hitter,HR,0.5,490.0,,FanDuel,covers,Brandon_Nimmo,2026-04-10T01:12:42Z,368938,,,,Total Home Runs
2026-04-09,Jake Burger,hitter,HR,0.5,435.0,,DraftKings,covers,Jake_Burger,2026-04-10T01:12:42Z,368938,,,,Total Home Runs
2026-04-09,Jake Burger,hitter,HR,0.5,370.0,,FanDuel,covers,Jake_Burger,2026-04-10T01:12:42Z,368938,,,,Total Home Runs
2026-04-09,Joc Pederson,hitter,HR,0.5,456.0,,DraftKings,covers,Joc_Pederson,2026-04-10T01:12:42Z,368938,,,,Total Home Runs
2026-04-09,Joc Pederson,hitter,HR,0.5,390.0,,FanDuel,covers,Joc_Pederson,2026-04-10T01:12:42Z,368938,,,,Total Home Runs
2026-04-09,Josh Smith,hitter,HR,0.5,870.0,,DraftKings,covers,Josh_Smith,2026-04-10T01:12:42Z,368938,,,,Total Home Runs
2026-04-09,Josh Smith,hitter,HR,0.5,920.0,,FanDuel,covers,Josh_Smith,2026-04-10T01:12:42Z,368938,,,,Total Home Runs
2026-04-09,Evan Carter,hitter,HR,0.5,640.0,,DraftKings,covers,Evan_Carter,2026-04-10T01:12:42Z,368938,,,,Total Home Runs
2026-04-09,Evan Carter,hitter,HR,0.5,820.0,,FanDuel,covers,Evan_Carter,2026-04-10T01:12:42Z,368938,,,,Total Home Runs
2026-04-09,Wyatt Langford,hitter,HR,0.5,493.0,,DraftKings,covers,Wyatt_Langford,2026-04-10T01:12:42Z,368938,,,,Total Home Runs
2026-04-09,Wyatt Langford,hitter,HR,0.5,440.0,,FanDuel,covers,Wyatt_Langford,2026-04-10T01:12:42Z,368938,,,,Total Home Runs
2026-04-09,Max Muncy,hitter,HR,0.5,308.0,,DraftKings,covers,Max_Muncy,2026-04-10T01:12:42Z,368938,,,,Total Home Runs
2026-04-09,Max Muncy,hitter,HR,0.5,280.0,,FanDuel,covers,Max_Muncy,2026-04-10T01:12:42Z,368938,,,,Total Home Runs
2026-04-09,Shohei Ohtani,hitter,RBI,0.5,-106.0,,DraftKings,covers,Shohei_Ohtani,2026-04-10T01:12:42Z,368938,,,,Total RBIs
2026-04-09,Shohei Ohtani,hitter,RBI,0.5,105.0,,FanDuel,covers,Shohei_Ohtani,2026-04-10T01:12:42Z,368938,,,,Total RBIs
2026-04-09,Teoscar Hernandez,hitter,RBI,0.5,155.0,,DraftKings,covers,Teoscar_Hernandez,2026-04-10T01:12:42Z,368938,,,,Total RBIs
2026-04-09,Teoscar Hernandez,hitter,RBI,0.5,140.0,,FanDuel,covers,Teoscar_Hernandez,2026-04-10T01:12:42Z,368938,,,,Total RBIs
2026-04-09,Freddie Freeman,hitter,RBI,0.5,134.0,,DraftKings,covers,Freddie_Freeman,2026-04-10T01:12:42Z,368938,,,,Total RBIs
2026-04-09,Freddie Freeman,hitter,RBI,0.5,115.0,,FanDuel,covers,Freddie_Freeman,2026-04-10T01:12:42Z,368938,,,,Total RBIs
2026-04-09,Kyle Tucker,hitter,RBI,0.5,142.0,,DraftKings,covers,Kyle_Tucker,2026-04-10T01:12:42Z,368938,,,,Total RBIs
2026-04-09,Kyle Tucker,hitter,RBI,0.5,140.0,,FanDuel,covers,Kyle_Tucker,2026-04-10T01:12:42Z,368938,,,,Total RBIs
2026-04-09,Andy Pages,hitter,RBI,0.5,172.0,,DraftKings,covers,Andy_Pages,2026-04-10T01:12:42Z,368938,,,,Total RBIs
2026-04-09,Andy Pages,hitter,RBI,0.5,165.0,,FanDuel,covers,Andy_Pages,2026-04-10T01:12:42Z,368938,,,,Total RBIs
2026-04-09,Alex Freeland,hitter,RBI,0.5,218.0,,DraftKings,covers,Alex_Freeland,2026-04-10T01:12:42Z,368938,,,,Total RBIs
2026-04-09,Alex Freeland,hitter,RBI,0.5,210.0,,FanDuel,covers,Alex_Freeland,2026-04-10T01:12:42Z,368938,,,,Total RBIs
2026-04-09,Will Smith,hitter,RBI,0.5,138.0,,DraftKings,covers,Will_Smith,2026-04-10T01:12:42Z,368938,,,,Total RBIs
2026-04-09,Will Smith,hitter,RBI,0.5,135.0,,FanDuel,covers,Will_Smith,2026-04-10T01:12:42Z,368938,,,,Total RBIs
2026-04-09,Hyeseong Kim,hitter,RBI,0.5,244.0,,DraftKings,covers,Hyeseong_Kim,2026-04-10T01:12:42Z,368938,,,,Total RBIs
2026-04-09,Hyeseong Kim,hitter,RBI,0.5,230.0,,FanDuel,covers,Hyeseong_Kim,2026-04-10T01:12:42Z,368938,,,,Total RBIs
2026-04-09,Corey Seager,hitter,RBI,0.5,175.0,,DraftKings,covers,Corey_Seager,2026-04-10T01:12:42Z,368938,,,,Total RBIs
2026-04-09,Corey Seager,hitter,RBI,0.5,150.0,,FanDuel,covers,Corey_Seager,2026-04-10T01:12:42Z,368938,,,,Total RBIs
2026-04-09,Brandon Nimmo,hitter,RBI,0.5,230.0,,DraftKings,covers,Brandon_Nimmo,2026-04-10T01:12:42Z,368938,,,,Total RBIs
2026-04-09,Brandon Nimmo,hitter,RBI,0.5,210.0,,FanDuel,covers,Brandon_Nimmo,2026-04-10T01:12:42Z,368938,,,,Total RBIs
2026-04-09,Danny Jansen,hitter,RBI,0.5,217.0,,DraftKings,covers,Danny_Jansen,2026-04-10T01:12:42Z,368938,,,,Total RBIs
2026-04-09,Danny Jansen,hitter,RBI,0.5,220.0,,FanDuel,covers,Danny_Jansen,2026-04-10T01:12:42Z,368938,,,,Total RBIs
2026-04-09,Jake Burger,hitter,RBI,0.5,188.0,,DraftKings,covers,Jake_Burger,2026-04-10T01:12:42Z,368938,,,,Total RBIs
2026-04-09,Jake Burger,hitter,RBI,0.5,165.0,,FanDuel,covers,Jake_Burger,2026-04-10T01:12:42Z,368938,,,,Total RBIs
2026-04-09,Joc Pederson,hitter,RBI,0.5,237.0,,DraftKings,covers,Joc_Pederson,2026-04-10T01:12:42Z,368938,,,,Total RBIs
2026-04-09,Joc Pederson,hitter,RBI,0.5,190.0,,FanDuel,covers,Joc_Pederson,2026-04-10T01:12:42Z,368938,,,,Total RBIs
2026-04-09,Josh Jung,hitter,RBI,0.5,263.0,,DraftKings,covers,Josh_Jung,2026-04-10T01:12:42Z,368938,,,,Total RBIs
2026-04-09,Josh Jung,hitter,RBI,0.5,230.0,,FanDuel,covers,Josh_Jung,2026-04-10T01:12:42Z,368938,,,,Total RBIs
2026-04-09,Josh Smith,hitter,RBI,0.5,301.0,,DraftKings,covers,Josh_Smith,2026-04-10T01:12:42Z,368938,,,,Total RBIs
2026-04-09,Josh Smith,hitter,RBI,0.5,280.0,,FanDuel,covers,Josh_Smith,2026-04-10T01:12:42Z,368938,,,,Total RBIs
2026-04-09,Evan Carter,hitter,RBI,0.5,278.0,,DraftKings,covers,Evan_Carter,2026-04-10T01:12:42Z,368938,,,,Total RBIs
2026-04-09,Evan Carter,hitter,RBI,0.5,280.0,,FanDuel,covers,Evan_Carter,2026-04-10T01:12:42Z,368938,,,,Total RBIs
2026-04-09,Wyatt Langford,hitter,RBI,0.5,219.0,,DraftKings,covers,Wyatt_Langford,2026-04-10T01:12:42Z,368938,,,,Total RBIs
2026-04-09,Wyatt Langford,hitter,RBI,0.5,200.0,,FanDuel,covers,Wyatt_Langford,2026-04-10T01:12:42Z,368938,,,,Total RBIs
2026-04-09,Max Muncy,hitter,RBI,0.5,136.0,,DraftKings,covers,Max_Muncy,2026-04-10T01:12:42Z,368938,,,,Total RBIs
2026-04-09,Max Muncy,hitter,RBI,0.5,115.0,,FanDuel,covers,Max_Muncy,2026-04-10T01:12:42Z,368938,,,,Total RBIs
2026-04-09,Tyler Glasnow,pitcher,K,6.5,-143.0,112.0,DraftKings,covers,Tyler_Glasnow,2026-04-10T01:12:42Z,368938,,,,Strikeouts Thrown
2026-04-09,Tyler Glasnow,pitcher,K,6.5,-154.0,116.0,FanDuel,covers,Tyler_Glasnow,2026-04-10T01:12:42Z,368938,,,,Strikeouts Thrown
2026-04-09,Kumar Rocker,pitcher,K,3.5,-136.0,106.0,DraftKings,covers,Kumar_Rocker,2026-04-10T01:12:42Z,368938,,,,Strikeouts Thrown
2026-04-09,Kumar Rocker,pitcher,K,3.5,-132.0,100.0,FanDuel,covers,Kumar_Rocker,2026-04-10T01:12:42Z,368938,,,,Strikeouts Thrown
