Market_Date,Player,Market_Player_Raw,Market_Event_ID,Market_Commence_Time_UTC,Market_Home_Team,Market_Away_Team,Market_H,Market_TB,Market_R,Market_HR,Market_RBI,Market_K,Market_ER,Market_ERA,Market_Source_H,Market_Source_TB,Market_Source_R,Market_Source_HR,Market_Source_RBI,Market_Source_K,Market_Source_ER,Market_Source_ERA,Market_H_books,Market_TB_books,Market_R_books,Market_HR_books,Market_RBI_books,Market_K_books,Market_ER_books,Market_ERA_books,Market_H_over_price,Market_TB_over_price,Market_R_over_price,Market_HR_over_price,Market_RBI_over_price,Market_K_over_price,Market_ER_over_price,Market_ERA_over_price,Market_H_under_price,Market_TB_under_price,Market_R_under_price,Market_HR_under_price,Market_RBI_under_price,Market_K_under_price,Market_ER_under_price,Market_ERA_under_price,Market_H_line_std,Market_TB_line_std,Market_R_line_std,Market_HR_line_std,Market_RBI_line_std,Market_K_line_std,Market_ER_line_std,Market_ERA_line_std,Market_Fetched_At_UTC
2026-04-29,Aaron_Judge,Aaron Judge,2940541,,TEX,NYY,,1.5,0.5,,,,,,missing,real,real,missing,missing,missing,missing,missing,,8.0,7.0,,,,,,,,,,,,,,,,,,,,,,,0.0,0.7559289460184545,,,,,,2026-04-30T03:22:26.750124+00:00
2026-04-29,Adam_Frazier,Adam Frazier,2941248,,CWS,LAA,,2.5,0.5,,,,,,missing,real,real,missing,missing,missing,missing,missing,,8.0,6.0,,,,,,,,,,,,,,,,,,,,,,,1.0690449676496974,0.816496580927726,,,,,,2026-04-30T03:22:26.750124+00:00
2026-04-29,Adley_Rutschman,Adley Rutschman,2940638,,BAL,HOU,,1.5,0.5,,,,,,missing,real,real,missing,missing,missing,missing,missing,,8.0,7.0,,,,,,,,,,,,,,,,,,,,,,,0.3535533905932738,0.0,,,,,,2026-04-30T03:22:26.750124+00:00
2026-04-29,Adolis_Garcia,Adolis Garcia,2941850,,PHI,SF,,1.5,0.5,,,,,,missing,real,real,missing,missing,missing,missing,missing,,8.0,7.0,,,,,,,,,,,,,,,,,,,,,,,0.5175491695067657,0.0,,,,,,2026-04-30T03:22:26.750124+00:00
2026-04-29,Adrian_Del_Castillo,Adrian Del Castillo,2942249,,MIL,ARI,,4.5,1.5,,,,,,missing,real,real,missing,missing,missing,missing,missing,,8.0,6.0,,,,,,,,,,,,,,,,,,,,,,,0.0,0.6324555320336759,,,,,,2026-04-30T03:22:26.750124+00:00
2026-04-29,Agustin_Ramirez,Agustin Ramirez,2941790,,LAD,MIA,,1.0,0.5,,,,,,missing,real,real,missing,missing,missing,missing,missing,,8.0,5.0,,,,,,,,,,,,,,,,,,,,,,,0.5345224838248488,0.0,,,,,,2026-04-30T03:22:26.750124+00:00
2026-04-29,Alec_Bohm,Alec Bohm,2941850,,PHI,SF,,1.0,0.5,,,,,,missing,real,real,missing,missing,missing,missing,missing,,8.0,7.0,,,,,,,,,,,,,,,,,,,,,,,0.5345224838248488,0.0,,,,,,2026-04-30T03:22:26.750124+00:00
2026-04-29,Alec_Burleson,Alec Burleson,2942090,,PIT,STL,,4.5,1.5,,,,,,missing,real,real,missing,missing,missing,missing,missing,,8.0,7.0,,,,,,,,,,,,,,,,,,,,,,,1.3887301496588271,0.6900655593423543,,,,,,2026-04-30T03:22:26.750124+00:00
2026-04-29,Alejandro_Osuna,Alejandro Osuna,2940541,,TEX,NYY,,1.5,1.5,,,,,,missing,real,real,missing,missing,missing,missing,missing,,8.0,7.0,,,,,,,,,,,,,,,,,,,,,,,0.5175491695067657,0.5345224838248488,,,,,,2026-04-30T03:22:26.750124+00:00
2026-04-29,Alek_Thomas,Alek Thomas,2942249,,MIL,ARI,,1.5,0.5,,,,,,missing,real,real,missing,missing,missing,missing,missing,,8.0,7.0,,,,,,,,,,,,,,,,,,,,,,,0.5175491695067657,0.37796447300922725,,,,,,2026-04-30T03:22:26.750124+00:00
2026-04-29,Alex_Bregman,Alex Bregman,2942371,,SD,CHC,,1.5,0.5,,,,,,missing,real,real,missing,missing,missing,missing,missing,,9.0,8.0,,,,,,,,,,,,,,,,,,,,,,,0.0,0.7071067811865476,,,,,,2026-04-30T03:22:26.750124+00:00
2026-04-29,Alex_Call,Alex Call,2941790,,LAD,MIA,,1.5,0.5,,,,,,missing,real,real,missing,missing,missing,missing,missing,,8.0,7.0,,,,,,,,,,,,,,,,,,,,,,,0.3535533905932738,0.7559289460184545,,,,,,2026-04-30T03:22:26.750124+00:00
2026-04-29,Alex_Freeland,Alex Freeland,2941790,,LAD,MIA,,1.5,0.5,,,,,,missing,real,real,missing,missing,missing,missing,missing,,8.0,7.0,,,,,,,,,,,,,,,,,,,,,,,0.3535533905932738,0.7559289460184545,,,,,,2026-04-30T03:22:26.750124+00:00
2026-04-29,Andre_Pallante,Andre Pallante,2942090,,PIT,STL,,,,,,3.5,2.5,,missing,missing,missing,missing,missing,real,real,missing,,,,,,9.0,5.0,,,,,,,,,,,,,,,,,,,,,,,0.49999999999999994,0.0,,2026-04-30T03:22:26.750124+00:00
2026-04-29,Andres_Gimenez,Andres Gimenez,2940225,,TOR,BOS,,1.0,0.5,,,,,,missing,real,real,missing,missing,missing,missing,missing,,8.0,7.0,,,,,,,,,,,,,,,,,,,,,,,0.5345224838248488,0.37796447300922725,,,,,,2026-04-30T03:22:26.750124+00:00
2026-04-29,Andruw_Monasterio,Andruw Monasterio,2940225,,TOR,BOS,,1.5,0.5,,,,,,missing,real,real,missing,missing,missing,missing,missing,,8.0,7.0,,,,,,,,,,,,,,,,,,,,,,,1.6035674514745464,0.37796447300922725,,,,,,2026-04-30T03:22:26.750124+00:00
2026-04-29,Andy_Pages,Andy Pages,2941790,,LAD,MIA,,1.5,0.5,,,,,,missing,real,real,missing,missing,missing,missing,missing,,8.0,7.0,,,,,,,,,,,,,,,,,,,,,,,0.3535533905932738,0.7559289460184545,,,,,,2026-04-30T03:22:26.750124+00:00
2026-04-29,Angel_Martinez,Angel Martinez,2941298,,CLE,TB,,1.0,0.5,,,,,,missing,real,real,missing,missing,missing,missing,missing,,8.0,6.0,,,,,,,,,,,,,,,,,,,,,,,1.0350983390135313,0.0,,,,,,2026-04-30T03:22:26.750124+00:00
2026-04-29,Austin_Hays,Austin Hays,2941248,,CWS,LAA,,2.0,0.5,,,,,,missing,real,real,missing,missing,missing,missing,missing,,8.0,8.0,,,,,,,,,,,,,,,,,,,,,,,1.0350983390135313,0.3535533905932738,,,,,,2026-04-30T03:22:26.750124+00:00
2026-04-29,Austin_Riley,Austin Riley,2940243,,ATL,DET,,1.0,0.5,,,,,,missing,real,real,missing,missing,missing,missing,missing,,8.0,7.0,,,,,,,,,,,,,,,,,,,,,,,1.3562026818605373,0.0,,,,,,2026-04-30T03:22:26.750124+00:00
2026-04-29,Austin_Wells,Austin Wells,2940541,,TEX,NYY,,1.0,0.5,,,,,,missing,real,real,missing,missing,missing,missing,missing,,8.0,5.0,,,,,,,,,,,,,,,,,,,,,,,0.5345224838248488,0.0,,,,,,2026-04-30T03:22:26.750124+00:00
2026-04-29,Ben_Rice,Ben Rice,2940541,,TEX,NYY,,2.5,0.5,,,,,,missing,real,real,missing,missing,missing,missing,missing,,8.0,7.0,,,,,,,,,,,,,,,,,,,,,,,0.7559289460184544,0.7559289460184545,,,,,,2026-04-30T03:22:26.750124+00:00
2026-04-29,Ben_Williamson,Ben Williamson,2941298,,CLE,TB,,0.5,0.5,,,,,,missing,real,real,missing,missing,missing,missing,missing,,3.0,1.0,,,,,,,,,,,,,,,,,,,,,,,0.0,0.0,,,,,,2026-04-30T03:22:26.750124+00:00
2026-04-29,Blake_Perkins,Blake Perkins,2942249,,MIL,ARI,,1.5,0.5,,,,,,missing,real,real,missing,missing,missing,missing,missing,,8.0,7.0,,,,,,,,,,,,,,,,,,,,,,,0.5175491695067657,0.0,,,,,,2026-04-30T03:22:26.750124+00:00
2026-04-29,Bo_Bichette,Bo Bichette,2942554,,NYM,WSH,,1.5,1.5,,,,,,missing,real,real,missing,missing,missing,missing,missing,,8.0,7.0,,,,,,,,,,,,,,,,,,,,,,,1.0690449676496976,0.6900655593423543,,,,,,2026-04-30T03:22:26.750124+00:00
2026-04-29,Bo_Naylor,Bo Naylor,2941298,,CLE,TB,,1.0,0.5,,,,,,missing,real,real,missing,missing,missing,missing,missing,,8.0,6.0,,,,,,,,,,,,,,,,,,,,,,,1.0350983390135313,0.0,,,,,,2026-04-30T03:22:26.750124+00:00
2026-04-29,Bobby_Witt,Bobby Witt,2939978,,ATH,KC,,1.5,1.5,0.5,,,,,missing,real,real,real,missing,missing,missing,missing,,9.0,7.0,7.0,,,,,,-33.875,198.66666666666666,725.0,,,,,,-129.16666666666666,-285.0,,,,,,,0.0,0.37796447300922725,0.0,,,,,2026-04-30T03:22:26.750124+00:00
2026-04-29,Brady_House,Brady House,2942554,,NYM,WSH,,4.5,1.5,,,,,,missing,real,real,missing,missing,missing,missing,missing,,8.0,7.0,,,,,,,,,,,,,,,,,,,,,,,1.4142135623730951,0.6900655593423543,,,,,,2026-04-30T03:22:26.750124+00:00
2026-04-29,Brandon_Lockridge,Brandon Lockridge,2942249,,MIL,ARI,,1.5,1.5,,,,,,missing,real,real,missing,missing,missing,missing,missing,,8.0,7.0,,,,,,,,,,,,,,,,,,,,,,,1.0690449676496976,0.5773502691896257,,,,,,2026-04-30T03:22:26.750124+00:00
2026-04-29,Brandon_Lowe,Brandon Lowe,2942090,,PIT,STL,,2.5,0.5,,,,,,missing,real,real,missing,missing,missing,missing,missing,,8.0,7.0,,,,,,,,,,,,,,,,,,,,,,,0.8345229603962802,0.0,,,,,,2026-04-30T03:22:26.750124+00:00
2026-04-29,Brandon_Marsh,Brandon Marsh,2941850,,PHI,SF,,1.5,0.5,,,,,,missing,real,real,missing,missing,missing,missing,missing,,8.0,7.0,,,,,,,,,,,,,,,,,,,,,,,0.0,0.0,,,,,,2026-04-30T03:22:26.750124+00:00
2026-04-29,Brandon_Nimmo,Brandon Nimmo,2940541,,TEX,NYY,,1.5,0.5,,,,,,missing,real,real,missing,missing,missing,missing,missing,,8.0,7.0,,,,,,,,,,,,,,,,,,,,,,,0.0,0.7559289460184545,,,,,,2026-04-30T03:22:26.750124+00:00
2026-04-29,Brandon_Sproat,Brandon Sproat,2942249,,MIL,ARI,,,,,,6.5,2.5,,missing,missing,missing,missing,missing,real,real,missing,,,,,,9.0,5.0,,,,,,,,,,,,,,,,,,,,,,,1.4240006242195884,0.0,,2026-04-30T03:22:26.750124+00:00
2026-04-29,Brandon_Valenzuela,Brandon Valenzuela,2940225,,TOR,BOS,,1.5,2.5,,,,,,missing,real,real,missing,missing,missing,missing,missing,,7.0,6.0,,,,,,,,,,,,,,,,,,,,,,,1.2535663410560174,1.0327955589886446,,,,,,2026-04-30T03:22:26.750124+00:00
2026-04-29,Brandon_Williamson,Brandon Williamson,2940803,,CIN,COL,,,,,,5.5,2.5,,missing,missing,missing,missing,missing,real,real,missing,,,,,,9.0,5.0,,,,,,,,,,,,,,,,,,,,,,,0.5,0.0,,2026-04-30T03:22:26.750124+00:00
2026-04-29,Brayan_Bello,Brayan Bello,2940225,,TOR,BOS,,,,,,4.5,2.5,,missing,missing,missing,missing,missing,real,real,missing,,,,,,9.0,5.0,,,,,,,,,,,,,,,,,,,,,,,0.927960727138337,0.0,,2026-04-30T03:22:26.750124+00:00
2026-04-29,Brayan_Rocchio,Brayan Rocchio,2941298,,CLE,TB,,2.0,2.0,,,,,,missing,real,real,missing,missing,missing,missing,missing,,8.0,6.0,,,,,,,,,,,,,,,,,,,,,,,0.7440238091428449,0.816496580927726,,,,,,2026-04-30T03:22:26.750124+00:00
2026-04-29,Brent_Rooker,Brent Rooker,2939978,,ATH,KC,,1.5,0.5,0.5,,,,,missing,real,real,real,missing,missing,missing,missing,,9.0,8.0,5.0,,,,,,280.0,337.5,980.0,,,,,,-680.0,-500.0,,,,,,,0.49999999999999994,0.7071067811865476,0.0,,,,,2026-04-30T03:22:26.750124+00:00
2026-04-29,Brenton_Doyle,Brenton Doyle,2940803,,CIN,COL,,2.5,2.5,,,,,,missing,real,real,missing,missing,missing,missing,missing,,8.0,7.0,,,,,,,,,,,,,,,,,,,,,,,0.7071067811865476,0.7559289460184545,,,,,,2026-04-30T03:22:26.750124+00:00
2026-04-29,Brett_Baty,Brett Baty,2942554,,NYM,WSH,,1.5,0.5,,,,,,missing,real,real,missing,missing,missing,missing,missing,,8.0,7.0,,,,,,,,,,,,,,,,,,,,,,,1.3093073414159542,0.7559289460184545,,,,,,2026-04-30T03:22:26.750124+00:00
2026-04-29,Brett_Sullivan,Brett Sullivan,2940803,,CIN,COL,,3.5,0.5,,,,,,missing,real,real,missing,missing,missing,missing,missing,,8.0,7.0,,,,,,,,,,,,,,,,,,,,,,,0.46291004988627565,0.0,,,,,,2026-04-30T03:22:26.750124+00:00
2026-04-29,Brice_Matthews,Brice Matthews,2940638,,BAL,HOU,,1.0,0.5,,,,,,missing,real,real,missing,missing,missing,missing,missing,,8.0,7.0,,,,,,,,,,,,,,,,,,,,,,,0.5345224838248488,0.0,,,,,,2026-04-30T03:22:26.750124+00:00
2026-04-29,Brice_Turang,Brice Turang,2942249,,MIL,ARI,,4.5,1.5,,,,,,missing,real,real,missing,missing,missing,missing,missing,,8.0,7.0,,,,,,,,,,,,,,,,,,,,,,,0.0,0.5773502691896257,,,,,,2026-04-30T03:22:26.750124+00:00
2026-04-29,Brooks_Lee,Brooks Lee,2941302,,MIN,SEA,,1.5,0.5,,,,,,missing,real,real,missing,missing,missing,missing,missing,,8.0,7.0,,,,,,,,,,,,,,,,,,,,,,,0.7071067811865476,0.0,,,,,,2026-04-30T03:22:26.750124+00:00
2026-04-29,Bryan_Reynolds,Bryan Reynolds,2942090,,PIT,STL,,1.5,0.5,,,,,,missing,real,real,missing,missing,missing,missing,missing,,8.0,7.0,,,,,,,,,,,,,,,,,,,,,,,0.3535533905932738,0.7559289460184545,,,,,,2026-04-30T03:22:26.750124+00:00
2026-04-29,Bryce_Harper,Bryce Harper,2941850,,PHI,SF,,1.5,0.5,,,,,,missing,real,real,missing,missing,missing,missing,missing,,8.0,7.0,,,,,,,,,,,,,,,,,,,,,,,0.0,0.0,,,,,,2026-04-30T03:22:26.750124+00:00
2026-04-29,Bryson_Stott,Bryson Stott,2941850,,PHI,SF,,1.0,0.5,,,,,,missing,real,real,missing,missing,missing,missing,missing,,8.0,7.0,,,,,,,,,,,,,,,,,,,,,,,0.5345224838248488,0.0,,,,,,2026-04-30T03:22:26.750124+00:00
2026-04-29,Bubba_Chandler,Bubba Chandler,2942090,,PIT,STL,,,,,,6.5,2.5,,missing,missing,missing,missing,missing,real,real,missing,,,,,,9.0,5.0,,,,,,,,,,,,,,,,,,,,,,,1.092906420717,0.0,,2026-04-30T03:22:26.750124+00:00
2026-04-29,Byron_Buxton,Byron Buxton,2941302,,MIN,SEA,,1.5,0.5,,,,,,missing,real,real,missing,missing,missing,missing,missing,,8.0,7.0,,,,,,,,,,,,,,,,,,,,,,,0.3535533905932738,0.37796447300922725,,,,,,2026-04-30T03:22:26.750124+00:00
2026-04-29,CJ_Abrams,CJ Abrams,2942554,,NYM,WSH,,4.0,0.5,,,,,,missing,real,real,missing,missing,missing,missing,missing,,8.0,7.0,,,,,,,,,,,,,,,,,,,,,,,1.035098339013531,0.37796447300922725,,,,,,2026-04-30T03:22:26.750124+00:00
2026-04-29,Cade_Cavalli,Cade Cavalli,2942554,,NYM,WSH,,,,,,6.5,2.5,,missing,missing,missing,missing,missing,real,real,missing,,,,,,9.0,5.0,,,,,,,,,,,,,,,,,,,,,,,2.1213203435596424,0.0,,2026-04-30T03:22:26.750124+00:00
2026-04-29,Cal_Raleigh,Cal Raleigh,2941302,,MIN,SEA,,1.5,0.5,,,,,,missing,real,real,missing,missing,missing,missing,missing,,8.0,7.0,,,,,,,,,,,,,,,,,,,,,,,0.5345224838248487,0.37796447300922725,,,,,,2026-04-30T03:22:26.750124+00:00
2026-04-29,Caleb_Durbin,Caleb Durbin,2940225,,TOR,BOS,,1.5,0.5,,,,,,missing,real,real,missing,missing,missing,missing,missing,,8.0,7.0,,,,,,,,,,,,,,,,,,,,,,,1.0606601717798212,0.37796447300922725,,,,,,2026-04-30T03:22:26.750124+00:00
2026-04-29,Cam_Smith,Cam Smith,2940638,,BAL,HOU,,1.0,0.5,,,,,,missing,real,real,missing,missing,missing,missing,missing,,8.0,7.0,,,,,,,,,,,,,,,,,,,,,,,0.5345224838248488,0.0,,,,,,2026-04-30T03:22:26.750124+00:00
2026-04-29,Carlos_Correa,Carlos Correa,2940638,,BAL,HOU,,1.5,0.5,,,,,,missing,real,real,missing,missing,missing,missing,missing,,8.0,7.0,,,,,,,,,,,,,,,,,,,,,,,0.0,0.0,,,,,,2026-04-30T03:22:26.750124+00:00
2026-04-29,Carlos_Cortes,Carlos Cortes,2939978,,ATH,KC,,2.5,0.5,0.5,,,,,missing,real,real,real,missing,missing,missing,missing,,8.0,8.0,6.0,,,,,,173.5,335.0,983.3333333333334,,,,,,-247.5,-578.3333333333334,,,,,,,0.4629100498862757,0.0,0.0,,,,,2026-04-30T03:22:26.750124+00:00
2026-04-29,Carlos_Narvaez,Carlos Narvaez,2940225,,TOR,BOS,,0.5,0.5,,,,,,missing,real,real,missing,missing,missing,missing,missing,,4.0,1.0,,,,,,,,,,,,,,,,,,,,,,,0.5,0.0,,,,,,2026-04-30T03:22:26.750124+00:00
2026-04-29,Carson_Benge,Carson Benge,2942554,,NYM,WSH,,1.0,0.5,,,,,,missing,real,real,missing,missing,missing,missing,missing,,8.0,7.0,,,,,,,,,,,,,,,,,,,,,,,1.3562026818605373,0.37796447300922725,,,,,,2026-04-30T03:22:26.750124+00:00
2026-04-29,Carson_Kelly,Carson Kelly,2942371,,SD,CHC,,1.5,0.5,,,,,,missing,real,real,missing,missing,missing,missing,missing,,5.0,7.0,,,,,,,,,,,,,,,,,,,,,,,0.5477225575051662,0.0,,,,,,2026-04-30T03:22:26.750124+00:00
2026-04-29,Carter_Jensen,Carter Jensen,2939978,,ATH,KC,,1.5,0.5,0.5,,,,,missing,real,real,real,missing,missing,missing,missing,,9.0,7.0,7.0,,,,,,128.375,249.16666666666666,725.0,,,,,,-176.5,-357.5,,,,,,,0.0,0.0,0.0,,,,,2026-04-30T03:22:26.750124+00:00
2026-04-29,Casey_Schmitt,Casey Schmitt,2941850,,PHI,SF,,1.5,0.5,,,,,,missing,real,real,missing,missing,missing,missing,missing,,8.0,7.0,,,,,,,,,,,,,,,,,,,,,,,0.3535533905932738,0.0,,,,,,2026-04-30T03:22:26.750124+00:00
2026-04-29,Ceddanne_Rafaela,Ceddanne Rafaela,2940225,,TOR,BOS,,1.5,0.5,,,,,,missing,real,real,missing,missing,missing,missing,missing,,8.0,7.0,,,,,,,,,,,,,,,,,,,,,,,1.0606601717798212,0.37796447300922725,,,,,,2026-04-30T03:22:26.750124+00:00
2026-04-29,Cedric_Mullins,Cedric Mullins,2941298,,CLE,TB,,1.0,0.5,,,,,,missing,real,real,missing,missing,missing,missing,missing,,8.0,6.0,,,,,,,,,,,,,,,,,,,,,,,0.7440238091428449,0.0,,,,,,2026-04-30T03:22:26.750124+00:00
2026-04-29,Chandler_Simpson,Chandler Simpson,2941298,,CLE,TB,,1.5,0.5,,,,,,missing,real,real,missing,missing,missing,missing,missing,,8.0,6.0,,,,,,,,,,,,,,,,,,,,,,,0.5175491695067657,0.0,,,,,,2026-04-30T03:22:26.750124+00:00
2026-04-29,Chase_DeLauter,Chase DeLauter,2941298,,CLE,TB,,2.5,0.5,,,,,,missing,real,real,missing,missing,missing,missing,missing,,8.0,6.0,,,,,,,,,,,,,,,,,,,,,,,0.8864052604279183,0.8366600265340756,,,,,,2026-04-30T03:22:26.750124+00:00
2026-04-29,Chase_Meidroth,Chase Meidroth,2941248,,CWS,LAA,,2.5,1.5,,,,,,missing,real,real,missing,missing,missing,missing,missing,,8.0,6.0,,,,,,,,,,,,,,,,,,,,,,,1.0690449676496974,0.408248290463863,,,,,,2026-04-30T03:22:26.750124+00:00
2026-04-29,Chris_Bassitt,Chris Bassitt,2940638,,BAL,HOU,,,,,,4.5,2.5,,missing,missing,missing,missing,missing,real,real,missing,,,,,,9.0,5.0,,,,,,,,,,,,,,,,,,,,,,,0.0,0.0,,2026-04-30T03:22:26.750124+00:00
2026-04-29,Christian_Walker,Christian Walker,2940638,,BAL,HOU,,1.5,0.5,,,,,,missing,real,real,missing,missing,missing,missing,missing,,8.0,7.0,,,,,,,,,,,,,,,,,,,,,,,0.3535533905932738,0.0,,,,,,2026-04-30T03:22:26.750124+00:00
2026-04-29,Coby_Mayo,Coby Mayo,2940638,,BAL,HOU,,1.0,0.5,,,,,,missing,real,real,missing,missing,missing,missing,missing,,8.0,7.0,,,,,,,,,,,,,,,,,,,,,,,0.5345224838248488,0.0,,,,,,2026-04-30T03:22:26.750124+00:00
2026-04-29,Cody_Bellinger,Cody Bellinger,2940541,,TEX,NYY,,1.5,0.5,,,,,,missing,real,real,missing,missing,missing,missing,missing,,8.0,7.0,,,,,,,,,,,,,,,,,,,,,,,0.0,0.7559289460184545,,,,,,2026-04-30T03:22:26.750124+00:00
2026-04-29,Colby_Thomas,Colby Thomas,2939978,,ATH,KC,,1.5,0.5,,,,,,missing,real,real,missing,missing,missing,missing,missing,,3.0,3.0,,,,,,,,,,,,,,,,,,,,,,,0.0,0.0,,,,,,2026-04-30T03:22:26.750124+00:00
2026-04-29,Cole_Young,Cole Young,2941302,,MIN,SEA,,1.5,0.5,,,,,,missing,real,real,missing,missing,missing,missing,missing,,8.0,7.0,,,,,,,,,,,,,,,,,,,,,,,0.9258200997725514,0.37796447300922725,,,,,,2026-04-30T03:22:26.750124+00:00
2026-04-29,Colson_Montgomery,Colson Montgomery,2941248,,CWS,LAA,,1.0,0.5,,,,,,missing,real,real,missing,missing,missing,missing,missing,,8.0,6.0,,,,,,,,,,,,,,,,,,,,,,,0.5345224838248488,0.408248290463863,,,,,,2026-04-30T03:22:26.750124+00:00
2026-04-29,Colt_Keith,Colt Keith,2940243,,ATL,DET,,1.5,0.5,,,,,,missing,real,real,missing,missing,missing,missing,missing,,8.0,7.0,,,,,,,,,,,,,,,,,,,,,,,1.0606601717798212,0.7559289460184545,,,,,,2026-04-30T03:22:26.750124+00:00
2026-04-29,Connor_Norby,Connor Norby,2941790,,LAD,MIA,,1.0,0.5,,,,,,missing,real,real,missing,missing,missing,missing,missing,,8.0,7.0,,,,,,,,,,,,,,,,,,,,,,,0.5345224838248488,0.7559289460184545,,,,,,2026-04-30T03:22:26.750124+00:00
2026-04-29,Connor_Wong,Connor Wong,2940225,,TOR,BOS,,1.0,0.5,,,,,,missing,real,real,missing,missing,missing,missing,missing,,8.0,7.0,,,,,,,,,,,,,,,,,,,,,,,1.3562026818605373,0.37796447300922725,,,,,,2026-04-30T03:22:26.750124+00:00
2026-04-29,Corbin_Carroll,Corbin Carroll,2942249,,MIL,ARI,,1.5,0.5,,,,,,missing,real,real,missing,missing,missing,missing,missing,,8.0,7.0,,,,,,,,,,,,,,,,,,,,,,,0.0,0.7559289460184545,,,,,,2026-04-30T03:22:26.750124+00:00
2026-04-29,Corey_Seager,Corey Seager,2940541,,TEX,NYY,,1.5,0.5,,,,,,missing,real,real,missing,missing,missing,missing,missing,,8.0,7.0,,,,,,,,,,,,,,,,,,,,,,,0.0,0.7559289460184545,,,,,,2026-04-30T03:22:26.750124+00:00
2026-04-29,Cristopher_Sanchez,Cristopher Sanchez,2941850,,PHI,SF,,,,,,6.5,1.5,,missing,missing,missing,missing,missing,real,real,missing,,,,,,9.0,5.0,,,,,,,,,,,,,,,,,,,,,,,0.0,0.0,,2026-04-30T03:22:26.750124+00:00
2026-04-29,Curtis_Mead,Curtis Mead,2942554,,NYM,WSH,,2.5,2.5,,,,,,missing,real,real,missing,missing,missing,missing,missing,,8.0,7.0,,,,,,,,,,,,,,,,,,,,,,,1.5059406173077154,0.9999999999999998,,,,,,2026-04-30T03:22:26.750124+00:00
2026-04-29,Dalton_Rushing,Dalton Rushing,2941790,,LAD,MIA,,1.5,0.5,,,,,,missing,real,real,missing,missing,missing,missing,missing,,8.0,7.0,,,,,,,,,,,,,,,,,,,,,,,0.3535533905932738,0.7559289460184545,,,,,,2026-04-30T03:22:26.750124+00:00
2026-04-29,Dane_Myers,Dane Myers,2940803,,CIN,COL,,1.5,0.5,,,,,,missing,real,real,missing,missing,missing,missing,missing,,6.0,5.0,,,,,,,,,,,,,,,,,,,,,,,0.0,0.0,,,,,,2026-04-30T03:22:26.750124+00:00
2026-04-29,Daniel_Schneemann,Daniel Schneemann,2941298,,CLE,TB,,2.5,0.5,,,,,,missing,real,real,missing,missing,missing,missing,missing,,8.0,7.0,,,,,,,,,,,,,,,,,,,,,,,0.9258200997725514,0.0,,,,,,2026-04-30T03:22:26.750124+00:00
2026-04-29,Danny_Jansen,Danny Jansen,2940541,,TEX,NYY,,1.0,0.5,,,,,,missing,real,real,missing,missing,missing,missing,missing,,4.0,4.0,,,,,,,,,,,,,,,,,,,,,,,0.5773502691896257,0.0,,,,,,2026-04-30T03:22:26.750124+00:00
2026-04-29,Dansby_Swanson,Dansby Swanson,2942371,,SD,CHC,,0.5,0.5,,,,,,missing,real,real,missing,missing,missing,missing,missing,,6.0,5.0,,,,,,,,,,,,,,,,,,,,,,,0.5163977794943222,0.0,,,,,,2026-04-30T03:22:26.750124+00:00
2026-04-29,Darell_Hernaiz,Darell Hernaiz,2939978,,ATH,KC,,0.5,0.5,0.5,,,,,missing,real,real,real,missing,missing,missing,missing,,8.0,7.0,5.0,,,,,,253.0,263.0,1590.0,,,,,,-490.0,-411.6666666666667,,,,,,,0.4629100498862757,0.0,0.0,,,,,2026-04-30T03:22:26.750124+00:00
2026-04-29,Daulton_Varsho,Daulton Varsho,2940225,,TOR,BOS,,1.5,1.5,,,,,,missing,real,real,missing,missing,missing,missing,missing,,8.0,7.0,,,,,,,,,,,,,,,,,,,,,,,1.1877349391654206,0.5773502691896257,,,,,,2026-04-30T03:22:26.750124+00:00
2026-04-29,David_Hamilton,David Hamilton,2942249,,MIL,ARI,,1.0,0.5,,,,,,missing,real,real,missing,missing,missing,missing,missing,,8.0,7.0,,,,,,,,,,,,,,,,,,,,,,,0.5345224838248488,0.0,,,,,,2026-04-30T03:22:26.750124+00:00
2026-04-29,David_Peterson,David Peterson,2942554,,NYM,WSH,,,,,,5.5,1.5,,missing,missing,missing,missing,missing,real,real,missing,,,,,,9.0,5.0,,,,,,,,,,,,,,,,,,,,,,,0.0,0.0,,2026-04-30T03:22:26.750124+00:00
2026-04-29,Davis_Schneider,Davis Schneider,2940225,,TOR,BOS,,1.0,0.5,,,,,,missing,real,real,missing,missing,missing,missing,missing,,2.0,2.0,,,,,,,,,,,,,,,,,,,,,,,0.7071067811865476,0.0,,,,,,2026-04-30T03:22:26.750124+00:00
2026-04-29,Daylen_Lile,Daylen Lile,2942554,,NYM,WSH,,1.5,1.5,,,,,,missing,real,real,missing,missing,missing,missing,missing,,8.0,7.0,,,,,,,,,,,,,,,,,,,,,,,1.0606601717798212,0.6900655593423543,,,,,,2026-04-30T03:22:26.750124+00:00
2026-04-29,Denzel_Clarke,Denzel Clarke,2939978,,ATH,KC,,1.5,0.5,,,,,,missing,real,real,missing,missing,missing,missing,missing,,2.0,2.0,,,,,,,,,,,,,,,,,,,,,,,0.0,0.0,,,,,,2026-04-30T03:22:26.750124+00:00
2026-04-29,Derek_Hill,Derek Hill,2941248,,CWS,LAA,,1.5,0.5,,,,,,missing,real,real,missing,missing,missing,missing,missing,,8.0,6.0,,,,,,,,,,,,,,,,,,,,,,,1.1649647450214349,0.408248290463863,,,,,,2026-04-30T03:22:26.750124+00:00
2026-04-29,Dillon_Dingler,Dillon Dingler,2940243,,ATL,DET,,1.5,0.5,,,,,,missing,real,real,missing,missing,missing,missing,missing,,8.0,7.0,,,,,,,,,,,,,,,,,,,,,,,0.0,0.7559289460184545,,,,,,2026-04-30T03:22:26.750124+00:00
2026-04-29,Dominic_Canzone,Dominic Canzone,2941302,,MIN,SEA,,1.5,0.5,,,,,,missing,real,real,missing,missing,missing,missing,missing,,8.0,7.0,,,,,,,,,,,,,,,,,,,,,,,0.7559289460184544,0.4879500364742666,,,,,,2026-04-30T03:22:26.750124+00:00
2026-04-29,Drake_Baldwin,Drake Baldwin,2940243,,ATL,DET,,2.5,1.5,,,,,,missing,real,real,missing,missing,missing,missing,missing,,8.0,7.0,,,,,,,,,,,,,,,,,,,,,,,0.7071067811865476,0.5773502691896257,,,,,,2026-04-30T03:22:26.750124+00:00
2026-04-29,Drew_Gilbert,Drew Gilbert,2941850,,PHI,SF,,0.5,0.5,,,,,,missing,real,real,missing,missing,missing,missing,missing,,6.0,5.0,,,,,,,,,,,,,,,,,,,,,,,0.5163977794943222,0.0,,,,,,2026-04-30T03:22:26.750124+00:00
2026-04-29,Drew_Millas,Drew Millas,2942554,,NYM,WSH,,1.0,0.5,,,,,,missing,real,real,missing,missing,missing,missing,missing,,2.0,2.0,,,,,,,,,,,,,,,,,,,,,,,0.7071067811865476,0.0,,,,,,2026-04-30T03:22:26.750124+00:00
2026-04-29,Drew_Rasmussen,Drew Rasmussen,2941298,,CLE,TB,,,,,,4.5,1.5,,missing,missing,missing,missing,missing,real,real,missing,,,,,,9.0,5.0,,,,,,,,,,,,,,,,,,,,,,,0.0,0.0,,2026-04-30T03:22:26.750124+00:00
2026-04-29,Dustin_Harris,Dustin Harris,2940638,,BAL,HOU,,1.0,0.5,,,,,,missing,real,real,missing,missing,missing,missing,missing,,8.0,7.0,,,,,,,,,,,,,,,,,,,,,,,0.5345224838248488,0.0,,,,,,2026-04-30T03:22:26.750124+00:00
2026-04-29,Dylan_Beavers,Dylan Beavers,2940638,,BAL,HOU,,1.0,0.5,,,,,,missing,real,real,missing,missing,missing,missing,missing,,8.0,7.0,,,,,,,,,,,,,,,,,,,,,,,0.5345224838248488,0.0,,,,,,2026-04-30T03:22:26.750124+00:00
2026-04-29,Edgar_Quero,Edgar Quero,2941248,,CWS,LAA,,1.0,0.5,,,,,,missing,real,real,missing,missing,missing,missing,missing,,8.0,6.0,,,,,,,,,,,,,,,,,,,,,,,0.5345224838248488,0.816496580927726,,,,,,2026-04-30T03:22:26.750124+00:00
2026-04-29,Eduardo_Rodriguez,Eduardo Rodriguez,2942249,,MIL,ARI,,,,,,5.5,2.5,,missing,missing,missing,missing,missing,real,real,missing,,,,,,9.0,5.0,,,,,,,,,,,,,,,,,,,,,,,0.4409585518440987,0.0,,2026-04-30T03:22:26.750124+00:00
2026-04-29,Eli_White,Eli White,2940243,,ATL,DET,,1.0,0.5,,,,,,missing,real,real,missing,missing,missing,missing,missing,,8.0,7.0,,,,,,,,,,,,,,,,,,,,,,,0.5345224838248488,0.0,,,,,,2026-04-30T03:22:26.750124+00:00
2026-04-29,Elly_De_La_Cruz,Elly De La Cruz,2940803,,CIN,COL,,1.5,0.5,,,,,,missing,real,real,missing,missing,missing,missing,missing,,8.0,7.0,,,,,,,,,,,,,,,,,,,,,,,0.0,0.0,,,,,,2026-04-30T03:22:26.750124+00:00
2026-04-29,Elmer_Rodriguez,Elmer Rodriguez,2940541,,TEX,NYY,,,,,,4.5,2.5,,missing,missing,missing,missing,missing,real,real,missing,,,,,,8.0,5.0,,,,,,,,,,,,,,,,,,,,,,,0.3535533905932739,0.0,,2026-04-30T03:22:26.750124+00:00
2026-04-29,Eric_Lauer,Eric Lauer,2940225,,TOR,BOS,,,,,,4.5,2.5,,missing,missing,missing,missing,missing,real,real,missing,,,,,,9.0,5.0,,,,,,,,,,,,,,,,,,,,,,,0.0,0.0,,2026-04-30T03:22:26.750124+00:00
2026-04-29,Erick_Fedde,Erick Fedde,2941248,,CWS,LAA,,,,,,5.5,2.5,,missing,missing,missing,missing,missing,real,real,missing,,,,,,9.0,5.0,,,,,,,,,,,,,,,,,,,,,,,1.1180339887498947,0.0,,2026-04-30T03:22:26.750124+00:00
2026-04-29,Ernie_Clement,Ernie Clement,2940225,,TOR,BOS,,4.5,1.5,,,,,,missing,real,real,missing,missing,missing,missing,missing,,8.0,7.0,,,,,,,,,,,,,,,,,,,,,,,1.3887301496588271,0.6900655593423543,,,,,,2026-04-30T03:22:26.750124+00:00
2026-04-29,Esteury_Ruiz,Esteury Ruiz,2941790,,LAD,MIA,,4.5,1.5,,,,,,missing,real,real,missing,missing,missing,missing,missing,,8.0,7.0,,,,,,,,,,,,,,,,,,,,,,,1.5811388300841898,0.6900655593423543,,,,,,2026-04-30T03:22:26.750124+00:00
2026-04-29,Evan_Carter,Evan Carter,2940541,,TEX,NYY,,1.0,0.5,,,,,,missing,real,real,missing,missing,missing,missing,missing,,8.0,7.0,,,,,,,,,,,,,,,,,,,,,,,0.5345224838248488,0.7559289460184545,,,,,,2026-04-30T03:22:26.750124+00:00
2026-04-29,Everson_Pereira,Everson Pereira,2941248,,CWS,LAA,,0.5,0.5,,,,,,missing,real,real,missing,missing,missing,missing,missing,,6.0,4.0,,,,,,,,,,,,,,,,,,,,,,,0.5163977794943222,0.0,,,,,,2026-04-30T03:22:26.750124+00:00
2026-04-29,Ezequiel_Duran,Ezequiel Duran,2940541,,TEX,NYY,,1.5,1.5,,,,,,missing,real,real,missing,missing,missing,missing,missing,,8.0,7.0,,,,,,,,,,,,,,,,,,,,,,,1.0606601717798212,0.6900655593423543,,,,,,2026-04-30T03:22:26.750124+00:00
2026-04-29,Ezequiel_Tovar,Ezequiel Tovar,2940803,,CIN,COL,,1.5,0.5,,,,,,missing,real,real,missing,missing,missing,missing,missing,,8.0,7.0,,,,,,,,,,,,,,,,,,,,,,,0.3535533905932738,0.0,,,,,,2026-04-30T03:22:26.750124+00:00
2026-04-29,Fernando_Tatis,Fernando Tatis,2942371,,SD,CHC,,1.5,0.5,,,,,,missing,real,real,missing,missing,missing,missing,missing,,8.0,7.0,,,,,,,,,,,,,,,,,,,,,,,0.4629100498862757,0.7559289460184545,,,,,,2026-04-30T03:22:26.750124+00:00
2026-04-29,Francisco_Alvarez,Francisco Alvarez,2942554,,NYM,WSH,,1.5,0.5,,,,,,missing,real,real,missing,missing,missing,missing,missing,,8.0,7.0,,,,,,,,,,,,,,,,,,,,,,,1.246423454758225,0.7559289460184545,,,,,,2026-04-30T03:22:26.750124+00:00
2026-04-29,Freddie_Freeman,Freddie Freeman,2941790,,LAD,MIA,,1.5,0.5,,,,,,missing,real,real,missing,missing,missing,missing,missing,,8.0,7.0,,,,,,,,,,,,,,,,,,,,,,,0.0,0.7559289460184545,,,,,,2026-04-30T03:22:26.750124+00:00
2026-04-29,Freddy_Fermin,Freddy Fermin,2942371,,SD,CHC,,0.5,0.5,,,,,,missing,real,real,missing,missing,missing,missing,missing,,7.0,4.0,,,,,,,,,,,,,,,,,,,,,,,0.5345224838248488,0.0,,,,,,2026-04-30T03:22:26.750124+00:00
2026-04-29,Garrett_Stubbs,Garrett Stubbs,2941850,,PHI,SF,,0.5,0.5,,,,,,missing,real,real,missing,missing,missing,missing,missing,,2.0,1.0,,,,,,,,,,,,,,,,,,,,,,,0.0,0.0,,,,,,2026-04-30T03:22:26.750124+00:00
2026-04-29,Gary_Sanchez,Gary Sanchez,2942249,,MIL,ARI,,1.5,0.5,,,,,,missing,real,real,missing,missing,missing,missing,missing,,8.0,7.0,,,,,,,,,,,,,,,,,,,,,,,0.3535533905932738,0.37796447300922725,,,,,,2026-04-30T03:22:26.750124+00:00
2026-04-29,Gavin_Sheets,Gavin Sheets,2942371,,SD,CHC,,1.5,0.5,,,,,,missing,real,real,missing,missing,missing,missing,missing,,8.0,5.0,,,,,,,,,,,,,,,,,,,,,,,0.3535533905932738,0.0,,,,,,2026-04-30T03:22:26.750124+00:00
2026-04-29,Gavin_Williams,Gavin Williams,2941298,,CLE,TB,,,,,,5.5,1.5,,missing,missing,missing,missing,missing,real,real,missing,,,,,,9.0,5.0,,,,,,,,,,,,,,,,,,,,,,,1.3228756555322954,0.0,,2026-04-30T03:22:26.750124+00:00
2026-04-29,George_Kirby,George Kirby,2941302,,MIN,SEA,,,,,,5.5,2.5,,missing,missing,missing,missing,missing,real,real,missing,,,,,,9.0,5.0,,,,,,,,,,,,,,,,,,,,,,,0.5270462766947298,0.5477225575051661,,2026-04-30T03:22:26.750124+00:00
2026-04-29,George_Springer,George Springer,2940225,,TOR,BOS,,1.5,0.5,,,,,,missing,real,real,missing,missing,missing,missing,missing,,6.0,4.0,,,,,,,,,,,,,,,,,,,,,,,0.0,0.0,,,,,,2026-04-30T03:22:26.750124+00:00
2026-04-29,Geraldo_Perdomo,Geraldo Perdomo,2942249,,MIL,ARI,,1.5,0.5,,,,,,missing,real,real,missing,missing,missing,missing,missing,,8.0,7.0,,,,,,,,,,,,,,,,,,,,,,,0.0,0.37796447300922725,,,,,,2026-04-30T03:22:26.750124+00:00
2026-04-29,Gleyber_Torres,Gleyber Torres,2940243,,ATL,DET,,1.5,0.5,,,,,,missing,real,real,missing,missing,missing,missing,missing,,8.0,7.0,,,,,,,,,,,,,,,,,,,,,,,0.0,0.0,,,,,,2026-04-30T03:22:26.750124+00:00
2026-04-29,Graham_Pauley,Graham Pauley,2941790,,LAD,MIA,,1.5,0.5,,,,,,missing,real,real,missing,missing,missing,missing,missing,,8.0,7.0,,,,,,,,,,,,,,,,,,,,,,,0.5175491695067657,0.0,,,,,,2026-04-30T03:22:26.750124+00:00
2026-04-29,Greg_Jones,Greg Jones,2942249,,MIL,ARI,,1.5,0.5,,,,,,missing,real,real,missing,missing,missing,missing,missing,,6.0,6.0,,,,,,,,,,,,,,,,,,,,,,,0.5163977794943223,0.408248290463863,,,,,,2026-04-30T03:22:26.750124+00:00
2026-04-29,Gunnar_Henderson,Gunnar Henderson,2940638,,BAL,HOU,,1.5,0.5,,,,,,missing,real,real,missing,missing,missing,missing,missing,,7.0,7.0,,,,,,,,,,,,,,,,,,,,,,,0.0,0.0,,,,,,2026-04-30T03:22:26.750124+00:00
2026-04-29,Heliot_Ramos,Heliot Ramos,2941850,,PHI,SF,,1.5,0.5,,,,,,missing,real,real,missing,missing,missing,missing,missing,,8.0,7.0,,,,,,,,,,,,,,,,,,,,,,,0.0,0.0,,,,,,2026-04-30T03:22:26.750124+00:00
2026-04-29,Henry_Davis,Henry Davis,2942090,,PIT,STL,,1.0,0.5,,,,,,missing,real,real,missing,missing,missing,missing,missing,,4.0,6.0,,,,,,,,,,,,,,,,,,,,,,,0.5773502691896257,0.0,,,,,,2026-04-30T03:22:26.750124+00:00
2026-04-29,Hunter_Feduccia,Hunter Feduccia,2941298,,CLE,TB,,1.5,0.5,,,,,,missing,real,real,missing,missing,missing,missing,missing,,6.0,5.0,,,,,,,,,,,,,,,,,,,,,,,0.5163977794943223,0.0,,,,,,2026-04-30T03:22:26.750124+00:00
2026-04-29,Hunter_Goodman,Hunter Goodman,2940803,,CIN,COL,,4.5,2.5,,,,,,missing,real,real,missing,missing,missing,missing,missing,,8.0,7.0,,,,,,,,,,,,,,,,,,,,,,,2.659215781283755,0.9511897312113419,,,,,,2026-04-30T03:22:26.750124+00:00
2026-04-29,Hyeseong_Kim,Hyeseong Kim,2941790,,LAD,MIA,,1.5,0.5,,,,,,missing,real,real,missing,missing,missing,missing,missing,,8.0,7.0,,,,,,,,,,,,,,,,,,,,,,,0.5175491695067657,0.37796447300922725,,,,,,2026-04-30T03:22:26.750124+00:00
2026-04-29,Ian_Happ,Ian Happ,2942371,,SD,CHC,,2.0,0.5,,,,,,missing,real,real,missing,missing,missing,missing,missing,,8.0,7.0,,,,,,,,,,,,,,,,,,,,,,,0.7440238091428449,0.7559289460184545,,,,,,2026-04-30T03:22:26.750124+00:00
2026-04-29,Ildemaro_Vargas,Ildemaro Vargas,2942249,,MIL,ARI,,2.5,1.5,,,,,,missing,real,real,missing,missing,missing,missing,missing,,8.0,7.0,,,,,,,,,,,,,,,,,,,,,,,0.7071067811865476,0.5773502691896257,,,,,,2026-04-30T03:22:26.750124+00:00
2026-04-29,Isaac_Collins,Isaac Collins,2939978,,ATH,KC,,0.5,0.5,0.5,,,,,missing,real,real,real,missing,missing,missing,missing,,8.0,7.0,7.0,,,,,,256.85714285714283,339.6666666666667,1378.5714285714287,,,,,,-422.5,-537.5,,,,,,,0.4629100498862757,0.0,0.0,,,,,2026-04-30T03:22:26.750124+00:00
2026-04-29,Isaac_Paredes,Isaac Paredes,2940638,,BAL,HOU,,1.5,0.5,,,,,,missing,real,real,missing,missing,missing,missing,missing,,8.0,7.0,,,,,,,,,,,,,,,,,,,,,,,0.3535533905932738,0.0,,,,,,2026-04-30T03:22:26.750124+00:00
2026-04-29,Isiah_Kiner-Falefa,Isiah Kiner-Falefa,2940225,,TOR,BOS,,1.5,0.5,,,,,,missing,real,real,missing,missing,missing,missing,missing,,8.0,7.0,,,,,,,,,,,,,,,,,,,,,,,1.1649647450214349,0.37796447300922725,,,,,,2026-04-30T03:22:26.750124+00:00
2026-04-29,Ivan_Herrera,Ivan Herrera,2942090,,PIT,STL,,3.5,1.5,,,,,,missing,real,real,missing,missing,missing,missing,missing,,8.0,7.0,,,,,,,,,,,,,,,,,,,,,,,0.9161253813129042,0.8164965809277259,,,,,,2026-04-30T03:22:26.750124+00:00
2026-04-29,JC_Escarra,J.C. Escarra,2940541,,TEX,NYY,,1.5,0.5,,,,,,missing,real,real,missing,missing,missing,missing,missing,,6.0,6.0,,,,,,,,,,,,,,,,,,,,,,,1.0954451150103321,0.0,,,,,,2026-04-30T03:22:26.750124+00:00
2026-04-29,JJ_Bleday,JJ Bleday,2940803,,CIN,COL,,1.5,0.5,,,,,,missing,real,real,missing,missing,missing,missing,missing,,8.0,7.0,,,,,,,,,,,,,,,,,,,,,,,1.1649647450214349,0.0,,,,,,2026-04-30T03:22:26.750124+00:00
2026-04-29,JJ_Wetherholt,JJ Wetherholt,2942090,,PIT,STL,,2.5,0.5,,,,,,missing,real,real,missing,missing,missing,missing,missing,,8.0,7.0,,,,,,,,,,,,,,,,,,,,,,,0.7071067811865476,0.7559289460184545,,,,,,2026-04-30T03:22:26.750124+00:00
2026-04-29,JP_Crawford,J.P. Crawford,2941302,,MIN,SEA,,4.5,1.5,,,,,,missing,real,real,missing,missing,missing,missing,missing,,8.0,7.0,,,,,,,,,,,,,,,,,,,,,,,0.0,0.5773502691896257,,,,,,2026-04-30T03:22:26.750124+00:00
2026-04-29,JR_Ritchie,JR Ritchie,2940243,,ATL,DET,,,,,,5.5,2.5,,missing,missing,missing,missing,missing,real,real,missing,,,,,,9.0,5.0,,,,,,,,,,,,,,,,,,,,,,,0.4409585518440987,0.0,,2026-04-30T03:22:26.750124+00:00
2026-04-29,Jac_Caglianone,Jac Caglianone,2939978,,ATH,KC,,0.5,0.5,0.5,,,,,missing,real,real,real,missing,missing,missing,missing,,8.0,8.0,6.0,,,,,,263.0,352.0,1000.0,,,,,,-466.6666666666667,-603.3333333333334,,,,,,,0.5175491695067657,0.0,0.0,,,,,2026-04-30T03:22:26.750124+00:00
2026-04-29,Jace_Jung,Jace Jung,2940243,,ATL,DET,,1.5,1.5,,,,,,missing,real,real,missing,missing,missing,missing,missing,,8.0,7.0,,,,,,,,,,,,,,,,,,,,,,,0.5175491695067657,0.5345224838248488,,,,,,2026-04-30T03:22:26.750124+00:00
2026-04-29,Jackson_Merrill,Jackson Merrill,2942371,,SD,CHC,,1.5,0.5,,,,,,missing,real,real,missing,missing,missing,missing,missing,,8.0,7.0,,,,,,,,,,,,,,,,,,,,,,,0.3535533905932738,0.7559289460184545,,,,,,2026-04-30T03:22:26.750124+00:00
2026-04-29,Jacob_Wilson,Jacob Wilson,2939978,,ATH,KC,,3.5,2.5,0.5,,,,,missing,real,real,real,missing,missing,missing,missing,,9.0,7.0,6.0,,,,,,182.4,450.0,1866.6666666666667,,,,,,-248.75,-725.0,,,,,,,1.0,0.9511897312113418,0.0,,,,,2026-04-30T03:22:26.750124+00:00
2026-04-29,Jacob_Young,Jacob Young,2942554,,NYM,WSH,,1.5,1.5,,,,,,missing,real,real,missing,missing,missing,missing,missing,,8.0,7.0,,,,,,,,,,,,,,,,,,,,,,,0.7071067811865476,0.5773502691896257,,,,,,2026-04-30T03:22:26.750124+00:00
2026-04-29,Jake_Bauers,Jake Bauers,2942249,,MIL,ARI,,2.5,0.5,,,,,,missing,real,real,missing,missing,missing,missing,missing,,8.0,7.0,,,,,,,,,,,,,,,,,,,,,,,0.8345229603962802,0.37796447300922725,,,,,,2026-04-30T03:22:26.750124+00:00
2026-04-29,Jake_Burger,Jake Burger,2940541,,TEX,NYY,,1.5,0.5,,,,,,missing,real,real,missing,missing,missing,missing,missing,,8.0,7.0,,,,,,,,,,,,,,,,,,,,,,,0.0,0.7559289460184545,,,,,,2026-04-30T03:22:26.750124+00:00
2026-04-29,Jake_Cronenworth,Jake Cronenworth,2942371,,SD,CHC,,1.0,1.5,,,,,,missing,real,real,missing,missing,missing,missing,missing,,8.0,7.0,,,,,,,,,,,,,,,,,,,,,,,0.5345224838248488,0.48795003647426655,,,,,,2026-04-30T03:22:26.750124+00:00
2026-04-29,Jake_Fraley,Jake Fraley,2941298,,CLE,TB,,1.5,0.5,,,,,,missing,real,real,missing,missing,missing,missing,missing,,8.0,6.0,,,,,,,,,,,,,,,,,,,,,,,1.0606601717798212,0.0,,,,,,2026-04-30T03:22:26.750124+00:00
2026-04-29,Jakob_Marsee,Jakob Marsee,2941790,,LAD,MIA,,1.5,0.5,,,,,,missing,real,real,missing,missing,missing,missing,missing,,8.0,6.0,,,,,,,,,,,,,,,,,,,,,,,0.5175491695067657,0.408248290463863,,,,,,2026-04-30T03:22:26.750124+00:00
2026-04-29,James_Wood,James Wood,2942554,,NYM,WSH,,1.5,2.5,,,,,,missing,real,real,missing,missing,missing,missing,missing,,8.0,7.0,,,,,,,,,,,,,,,,,,,,,,,1.246423454758225,0.9511897312113419,,,,,,2026-04-30T03:22:26.750124+00:00
2026-04-29,Jameson_Taillon,Jameson Taillon,2942371,,SD,CHC,,,,,,7.5,2.5,,missing,missing,missing,missing,missing,real,real,missing,,,,,,9.0,5.0,,,,,,,,,,,,,,,,,,,,,,,1.5811388300841898,0.0,,2026-04-30T03:22:26.750124+00:00
2026-04-29,Jasson_Dominguez,Jasson Dominguez,2940541,,TEX,NYY,,1.5,0.5,,,,,,missing,real,real,missing,missing,missing,missing,missing,,8.0,7.0,,,,,,,,,,,,,,,,,,,,,,,1.246423454758225,0.37796447300922725,,,,,,2026-04-30T03:22:26.750124+00:00
2026-04-29,Javier_Baez,Javier Baez,2940243,,ATL,DET,,0.5,0.5,,,,,,missing,real,real,missing,missing,missing,missing,missing,,2.0,1.0,,,,,,,,,,,,,,,,,,,,,,,0.0,0.0,,,,,,2026-04-30T03:22:26.750124+00:00
2026-04-29,Jazz_Chisholm,Jazz Chisholm,2940541,,TEX,NYY,,1.5,0.5,,,,,,missing,real,real,missing,missing,missing,missing,missing,,8.0,7.0,,,,,,,,,,,,,,,,,,,,,,,0.3535533905932738,0.7559289460184545,,,,,,2026-04-30T03:22:26.750124+00:00
2026-04-29,Jeff_McNeil,Jeff McNeil,2939978,,ATH,KC,,3.5,1.5,0.5,,,,,missing,real,real,real,missing,missing,missing,missing,,8.0,7.0,5.0,,,,,,230.0,265.0,1640.0,,,,,,-340.0,,,,,,,,1.1877349391654208,0.7559289460184544,0.0,,,,,2026-04-30T03:22:26.750124+00:00
2026-04-29,Jerar_Encarnacion,Jerar Encarnacion,2941850,,PHI,SF,,1.0,0.5,,,,,,missing,real,real,missing,missing,missing,missing,missing,,8.0,7.0,,,,,,,,,,,,,,,,,,,,,,,0.5345224838248488,0.0,,,,,,2026-04-30T03:22:26.750124+00:00
2026-04-29,Jeremiah_Jackson,Jeremiah Jackson,2940638,,BAL,HOU,,1.5,0.5,,,,,,missing,real,real,missing,missing,missing,missing,missing,,8.0,7.0,,,,,,,,,,,,,,,,,,,,,,,0.4629100498862757,0.0,,,,,,2026-04-30T03:22:26.750124+00:00
2026-04-29,Jesus_Sanchez,Jesus Sanchez,2940225,,TOR,BOS,,1.5,1.5,,,,,,missing,real,real,missing,missing,missing,missing,missing,,8.0,7.0,,,,,,,,,,,,,,,,,,,,,,,1.3887301496588271,0.6900655593423543,,,,,,2026-04-30T03:22:26.750124+00:00
2026-04-29,Jo_Adell,Jo Adell,2941248,,CWS,LAA,,1.5,0.5,,,,,,missing,real,real,missing,missing,missing,missing,missing,,8.0,7.0,,,,,,,,,,,,,,,,,,,,,,,1.0606601717798212,0.7559289460184545,,,,,,2026-04-30T03:22:26.750124+00:00
2026-04-29,Joc_Pederson,Joc Pederson,2940541,,TEX,NYY,,1.0,0.5,,,,,,missing,real,real,missing,missing,missing,missing,missing,,8.0,7.0,,,,,,,,,,,,,,,,,,,,,,,0.5345224838248488,0.7559289460184545,,,,,,2026-04-30T03:22:26.750124+00:00
2026-04-29,Joey_Bart,Joey Bart,2942090,,PIT,STL,,2.5,0.5,,,,,,missing,real,real,missing,missing,missing,missing,missing,,7.0,7.0,,,,,,,,,,,,,,,,,,,,,,,1.214985792587912,0.37796447300922725,,,,,,2026-04-30T03:22:26.750124+00:00
2026-04-29,Joey_Ortiz,Joey Ortiz,2942249,,MIL,ARI,,1.0,0.5,,,,,,missing,real,real,missing,missing,missing,missing,missing,,8.0,7.0,,,,,,,,,,,,,,,,,,,,,,,0.5345224838248488,0.37796447300922725,,,,,,2026-04-30T03:22:26.750124+00:00
2026-04-29,Joey_Wiemer,Joey Wiemer,2942554,,NYM,WSH,,1.5,1.5,,,,,,missing,real,real,missing,missing,missing,missing,missing,,8.0,7.0,,,,,,,,,,,,,,,,,,,,,,,1.3887301496588271,0.8997354108424375,,,,,,2026-04-30T03:22:26.750124+00:00
2026-04-29,Jonah_Heim,Jonah Heim,2940243,,ATL,DET,,1.5,0.5,,,,,,missing,real,real,missing,missing,missing,missing,missing,,8.0,7.0,,,,,,,,,,,,,,,,,,,,,,,0.5175491695067657,0.0,,,,,,2026-04-30T03:22:26.750124+00:00
2026-04-29,Jonathan_Aranda,Jonathan Aranda,2941298,,CLE,TB,,1.0,0.5,,,,,,missing,real,real,missing,missing,missing,missing,missing,,8.0,6.0,,,,,,,,,,,,,,,,,,,,,,,1.0350983390135313,0.408248290463863,,,,,,2026-04-30T03:22:26.750124+00:00
2026-04-29,Jordan_Beck,Jordan Beck,2940803,,CIN,COL,,1.5,0.5,,,,,,missing,real,real,missing,missing,missing,missing,missing,,8.0,7.0,,,,,,,,,,,,,,,,,,,,,,,0.0,0.0,,,,,,2026-04-30T03:22:26.750124+00:00
2026-04-29,Jordan_Walker,Jordan Walker,2942090,,PIT,STL,,1.5,0.5,,,,,,missing,real,real,missing,missing,missing,missing,missing,,8.0,7.0,,,,,,,,,,,,,,,,,,,,,,,1.1649647450214349,0.0,,,,,,2026-04-30T03:22:26.750124+00:00
2026-04-29,Jorge_Soler,Jorge Soler,2941248,,CWS,LAA,,1.5,0.5,,,,,,missing,real,real,missing,missing,missing,missing,missing,,8.0,7.0,,,,,,,,,,,,,,,,,,,,,,,1.1649647450214349,0.7559289460184545,,,,,,2026-04-30T03:22:26.750124+00:00
2026-04-29,Jose_Altuve,Jose Altuve,2940638,,BAL,HOU,,1.5,0.5,,,,,,missing,real,real,missing,missing,missing,missing,missing,,8.0,7.0,,,,,,,,,,,,,,,,,,,,,,,0.0,0.0,,,,,,2026-04-30T03:22:26.750124+00:00
2026-04-29,Jose_Caballero,Jose Caballero,2940541,,TEX,NYY,,1.5,0.5,,,,,,missing,real,real,missing,missing,missing,missing,missing,,7.0,7.0,,,,,,,,,,,,,,,,,,,,,,,0.3779644730092272,0.37796447300922725,,,,,,2026-04-30T03:22:26.750124+00:00
2026-04-29,Jose_Fernandez,Jose Fernandez,2942249,,MIL,ARI,,1.5,0.5,,,,,,missing,real,real,missing,missing,missing,missing,missing,,8.0,7.0,,,,,,,,,,,,,,,,,,,,,,,0.3535533905932738,0.37796447300922725,,,,,,2026-04-30T03:22:26.750124+00:00
2026-04-29,Jose_Ramirez,Jose Ramirez,2941298,,CLE,TB,,1.5,0.5,,,,,,missing,real,real,missing,missing,missing,missing,missing,,8.0,7.0,,,,,,,,,,,,,,,,,,,,,,,0.6408699444616557,0.7559289460184545,,,,,,2026-04-30T03:22:26.750124+00:00
2026-04-29,Jose_Trevino,Jose Trevino,2940803,,CIN,COL,,1.5,0.5,,,,,,missing,real,real,missing,missing,missing,missing,missing,,8.0,7.0,,,,,,,,,,,,,,,,,,,,,,,0.46291004988627577,0.0,,,,,,2026-04-30T03:22:26.750124+00:00
2026-04-29,Josh_Bell,Josh Bell,2941302,,MIN,SEA,,1.5,0.5,,,,,,missing,real,real,missing,missing,missing,missing,missing,,8.0,7.0,,,,,,,,,,,,,,,,,,,,,,,0.6408699444616557,0.37796447300922725,,,,,,2026-04-30T03:22:26.750124+00:00
2026-04-29,Josh_Jung,Josh Jung,2940541,,TEX,NYY,,1.5,0.5,,,,,,missing,real,real,missing,missing,missing,missing,missing,,8.0,7.0,,,,,,,,,,,,,,,,,,,,,,,0.0,0.7559289460184545,,,,,,2026-04-30T03:22:26.750124+00:00
2026-04-29,Josh_Lowe,Josh Lowe,2941248,,CWS,LAA,,1.5,0.5,,,,,,missing,real,real,missing,missing,missing,missing,missing,,8.0,6.0,,,,,,,,,,,,,,,,,,,,,,,0.3535533905932738,0.816496580927726,,,,,,2026-04-30T03:22:26.750124+00:00
2026-04-29,Josh_Naylor,Josh Naylor,2941302,,MIN,SEA,,1.5,0.5,,,,,,missing,real,real,missing,missing,missing,missing,missing,,8.0,7.0,,,,,,,,,,,,,,,,,,,,,,,0.3535533905932738,0.37796447300922725,,,,,,2026-04-30T03:22:26.750124+00:00
2026-04-29,Josh_Smith,Josh Smith,2940541,,TEX,NYY,,1.0,0.5,,,,,,missing,real,real,missing,missing,missing,missing,missing,,8.0,5.0,,,,,,,,,,,,,,,,,,,,,,,0.5345224838248488,0.0,,,,,,2026-04-30T03:22:26.750124+00:00
2026-04-29,Juan_Soto,Juan Soto,2942554,,NYM,WSH,,7.5,1.5,,,,,,missing,real,real,missing,missing,missing,missing,missing,,8.0,7.0,,,,,,,,,,,,,,,,,,,,,,,1.5118578920369088,0.5773502691896257,,,,,,2026-04-30T03:22:26.750124+00:00
2026-04-29,Julio_Rodriguez,Julio Rodriguez,2941302,,MIN,SEA,,1.5,0.5,,,,,,missing,real,real,missing,missing,missing,missing,missing,,8.0,7.0,,,,,,,,,,,,,,,,,,,,,,,0.3535533905932738,0.37796447300922725,,,,,,2026-04-30T03:22:26.750124+00:00
2026-04-29,Jung_Hoo_Lee,Jung Hoo Lee,2941850,,PHI,SF,,1.5,0.5,,,,,,missing,real,real,missing,missing,missing,missing,missing,,8.0,7.0,,,,,,,,,,,,,,,,,,,,,,,0.0,0.0,,,,,,2026-04-30T03:22:26.750124+00:00
2026-04-29,Junior_Caminero,Junior Caminero,2941298,,CLE,TB,,1.5,0.5,,,,,,missing,real,real,missing,missing,missing,missing,missing,,8.0,6.0,,,,,,,,,,,,,,,,,,,,,,,0.7071067811865476,0.816496580927726,,,,,,2026-04-30T03:22:26.750124+00:00
2026-04-29,Justin_Crawford,Justin Crawford,2941850,,PHI,SF,,1.0,0.5,,,,,,missing,real,real,missing,missing,missing,missing,missing,,8.0,7.0,,,,,,,,,,,,,,,,,,,,,,,0.5345224838248488,0.0,,,,,,2026-04-30T03:22:26.750124+00:00
2026-04-29,Kazuma_Okamoto,Kazuma Okamoto,2940225,,TOR,BOS,,1.5,0.5,,,,,,missing,real,real,missing,missing,missing,missing,missing,,8.0,7.0,,,,,,,,,,,,,,,,,,,,,,,1.0690449676496976,0.4879500364742666,,,,,,2026-04-30T03:22:26.750124+00:00
2026-04-29,KeBryan_Hayes,Ke'Bryan Hayes,2940803,,CIN,COL,,1.0,0.5,,,,,,missing,real,real,missing,missing,missing,missing,missing,,8.0,7.0,,,,,,,,,,,,,,,,,,,,,,,0.5345224838248488,0.0,,,,,,2026-04-30T03:22:26.750124+00:00
2026-04-29,Keibert_Ruiz,Keibert Ruiz,2942554,,NYM,WSH,,1.5,0.5,,,,,,missing,real,real,missing,missing,missing,missing,missing,,8.0,7.0,,,,,,,,,,,,,,,,,,,,,,,0.5175491695067657,0.37796447300922725,,,,,,2026-04-30T03:22:26.750124+00:00
2026-04-29,Kerry_Carpenter,Kerry Carpenter,2940243,,ATL,DET,,1.5,0.5,,,,,,missing,real,real,missing,missing,missing,missing,missing,,8.0,7.0,,,,,,,,,,,,,,,,,,,,,,,1.3093073414159542,0.7559289460184545,,,,,,2026-04-30T03:22:26.750124+00:00
2026-04-29,Ketel_Marte,Ketel Marte,2942249,,MIL,ARI,,1.5,0.5,,,,,,missing,real,real,missing,missing,missing,missing,missing,,8.0,7.0,,,,,,,,,,,,,,,,,,,,,,,1.0606601717798212,0.7559289460184545,,,,,,2026-04-30T03:22:26.750124+00:00
2026-04-29,Kevin_McGonigle,Kevin McGonigle,2940243,,ATL,DET,,2.5,0.5,,,,,,missing,real,real,missing,missing,missing,missing,missing,,8.0,7.0,,,,,,,,,,,,,,,,,,,,,,,0.8345229603962802,0.0,,,,,,2026-04-30T03:22:26.750124+00:00
2026-04-29,Kody_Clemens,Kody Clemens,2941302,,MIN,SEA,,3.5,1.5,,,,,,missing,real,real,missing,missing,missing,missing,missing,,8.0,7.0,,,,,,,,,,,,,,,,,,,,,,,1.0606601717798212,0.5773502691896257,,,,,,2026-04-30T03:22:26.750124+00:00
2026-04-29,Konnor_Griffin,Konnor Griffin,2942090,,PIT,STL,,1.5,0.5,,,,,,missing,real,real,missing,missing,missing,missing,missing,,8.0,7.0,,,,,,,,,,,,,,,,,,,,,,,1.1649647450214349,0.4879500364742666,,,,,,2026-04-30T03:22:26.750124+00:00
2026-04-29,Kyle_Higashioka,Kyle Higashioka,2940541,,TEX,NYY,,1.5,0.5,,,,,,missing,real,real,missing,missing,missing,missing,missing,,8.0,7.0,,,,,,,,,,,,,,,,,,,,,,,0.3535533905932738,0.7559289460184545,,,,,,2026-04-30T03:22:26.750124+00:00
2026-04-29,Kyle_Isbel,Kyle Isbel,2939978,,ATH,KC,,1.5,0.5,0.5,,,,,missing,real,real,real,missing,missing,missing,missing,,8.0,7.0,5.0,,,,,,257.5,477.0,2350.0,,,,,,-425.0,-975.0,,,,,,,0.46291004988627577,0.0,0.0,,,,,2026-04-30T03:22:26.750124+00:00
2026-04-29,Kyle_Karros,Kyle Karros,2940803,,CIN,COL,,1.0,0.5,,,,,,missing,real,real,missing,missing,missing,missing,missing,,8.0,6.0,,,,,,,,,,,,,,,,,,,,,,,0.5345224838248488,0.0,,,,,,2026-04-30T03:22:26.750124+00:00
2026-04-29,Kyle_Manzardo,Kyle Manzardo,2941298,,CLE,TB,,1.0,0.5,,,,,,missing,real,real,missing,missing,missing,missing,missing,,8.0,7.0,,,,,,,,,,,,,,,,,,,,,,,0.5345224838248488,0.0,,,,,,2026-04-30T03:22:26.750124+00:00
2026-04-29,Kyle_Schwarber,Kyle Schwarber,2941850,,PHI,SF,,1.5,0.5,,,,,,missing,real,real,missing,missing,missing,missing,missing,,8.0,7.0,,,,,,,,,,,,,,,,,,,,,,,0.3535533905932738,0.0,,,,,,2026-04-30T03:22:26.750124+00:00
2026-04-29,Kyle_Stowers,Kyle Stowers,2941790,,LAD,MIA,,1.5,0.5,,,,,,missing,real,real,missing,missing,missing,missing,missing,,8.0,7.0,,,,,,,,,,,,,,,,,,,,,,,0.5175491695067657,0.37796447300922725,,,,,,2026-04-30T03:22:26.750124+00:00
2026-04-29,Kyle_Tucker,Kyle Tucker,2941790,,LAD,MIA,,2.5,0.5,,,,,,missing,real,real,missing,missing,missing,missing,missing,,8.0,7.0,,,,,,,,,,,,,,,,,,,,,,,0.6408699444616557,0.7867957924694431,,,,,,2026-04-30T03:22:26.750124+00:00
2026-04-29,Lane_Thomas,Lane Thomas,2939978,,ATH,KC,,1.5,0.5,0.5,,,,,missing,real,real,real,missing,missing,missing,missing,,8.0,7.0,6.0,,,,,,227.14285714285714,415.0,1800.0,,,,,,-347.0,-700.0,,,,,,,0.3535533905932738,0.0,0.0,,,,,2026-04-30T03:22:26.750124+00:00
2026-04-29,Lawrence_Butler,Lawrence Butler,2939978,,ATH,KC,,3.0,0.5,,,,,,missing,real,real,missing,missing,missing,missing,missing,,8.0,7.0,,,,,,,119.5,240.0,,,,,,,-162.5,-400.0,,,,,,,2.03100960115899,0.5345224838248488,,,,,,2026-04-30T03:22:26.750124+00:00
2026-04-29,Lenyn_Sosa,Lenyn Sosa,2940225,,TOR,BOS,,1.5,0.5,,,,,,missing,real,real,missing,missing,missing,missing,missing,,4.0,5.0,,,,,,,,,,,,,,,,,,,,,,,0.5,0.4472135954999579,,,,,,2026-04-30T03:22:26.750124+00:00
2026-04-29,Leo_Rivas,Leo Rivas,2941302,,MIN,SEA,,0.5,0.5,,,,,,missing,real,real,missing,missing,missing,missing,missing,,7.0,4.0,,,,,,,,,,,,,,,,,,,,,,,0.5345224838248488,0.0,,,,,,2026-04-30T03:22:26.750124+00:00
2026-04-29,Leody_Taveras,Leody Taveras,2940638,,BAL,HOU,,1.5,0.5,,,,,,missing,real,real,missing,missing,missing,missing,missing,,8.0,7.0,,,,,,,,,,,,,,,,,,,,,,,0.4629100498862757,0.0,,,,,,2026-04-30T03:22:26.750124+00:00
2026-04-29,Liam_Hicks,Liam Hicks,2941790,,LAD,MIA,,4.5,1.5,,,,,,missing,real,real,missing,missing,missing,missing,missing,,8.0,7.0,,,,,,,,,,,,,,,,,,,,,,,0.0,0.5773502691896257,,,,,,2026-04-30T03:22:26.750124+00:00
2026-04-29,Logan_Webb,Logan Webb,2941850,,PHI,SF,,,,,,5.5,2.5,,missing,missing,missing,missing,missing,real,real,missing,,,,,,9.0,5.0,,,,,,,,,,,,,,,,,,,,,,,0.0,0.0,,2026-04-30T03:22:26.750124+00:00
2026-04-29,Lourdes_Gurriel,Lourdes Gurriel,2942249,,MIL,ARI,,1.5,1.5,,,,,,missing,real,real,missing,missing,missing,missing,missing,,8.0,7.0,,,,,,,,,,,,,,,,,,,,,,,1.0606601717798212,0.5773502691896257,,,,,,2026-04-30T03:22:26.750124+00:00
2026-04-29,Luis_Arraez,Luis Arraez,2941850,,PHI,SF,,1.5,0.5,,,,,,missing,real,real,missing,missing,missing,missing,missing,,8.0,7.0,,,,,,,,,,,,,,,,,,,,,,,0.0,0.0,,,,,,2026-04-30T03:22:26.750124+00:00
2026-04-29,Luis_Campusano,Luis Campusano,2942371,,SD,CHC,,1.0,0.5,,,,,,missing,real,real,missing,missing,missing,missing,missing,,8.0,7.0,,,,,,,,,,,,,,,,,,,,,,,0.5345224838248488,0.0,,,,,,2026-04-30T03:22:26.750124+00:00
2026-04-29,Luis_Garcia,Luis Garcia,2942554,,NYM,WSH,,1.0,0.5,,,,,,missing,real,real,missing,missing,missing,missing,missing,,4.0,2.0,,,,,,,,,,,,,,,,,,,,,,,0.5773502691896257,0.0,,,,,,2026-04-30T03:22:26.750124+00:00
2026-04-29,Luis_Rengifo,Luis Rengifo,2942249,,MIL,ARI,,3.5,0.5,,,,,,missing,real,real,missing,missing,missing,missing,missing,,8.0,7.0,,,,,,,,,,,,,,,,,,,,,,,0.6408699444616557,0.37796447300922725,,,,,,2026-04-30T03:22:26.750124+00:00
2026-04-29,Luis_Severino,Luis Severino,2939978,,ATH,KC,,,,,,5.5,2.5,,missing,missing,missing,missing,missing,real,real,missing,,,,,,9.0,5.0,,,,,,,-162.5,,,,,,,,,,,,,,,,0.4409585518440987,0.0,,2026-04-30T03:22:26.750124+00:00
2026-04-29,Luisangel_Acuna,Luisangel Acuna,2941248,,CWS,LAA,,1.5,0.5,,,,,,missing,real,real,missing,missing,missing,missing,missing,,8.0,6.0,,,,,,,,,,,,,,,,,,,,,,,0.5175491695067657,0.408248290463863,,,,,,2026-04-30T03:22:26.750124+00:00
2026-04-29,Luke_Keaschall,Luke Keaschall,2941302,,MIN,SEA,,1.5,0.5,,,,,,missing,real,real,missing,missing,missing,missing,missing,,8.0,7.0,,,,,,,,,,,,,,,,,,,,,,,0.3535533905932738,0.0,,,,,,2026-04-30T03:22:26.750124+00:00
2026-04-29,Luke_Raley,Luke Raley,2941302,,MIN,SEA,,1.0,0.5,,,,,,missing,real,real,missing,missing,missing,missing,missing,,8.0,7.0,,,,,,,,,,,,,,,,,,,,,,,0.5345224838248488,0.37796447300922725,,,,,,2026-04-30T03:22:26.750124+00:00
2026-04-29,MJ_Melendez,MJ Melendez,2942554,,NYM,WSH,,1.5,0.5,,,,,,missing,real,real,missing,missing,missing,missing,missing,,8.0,7.0,,,,,,,,,,,,,,,,,,,,,,,1.3093073414159542,0.7559289460184545,,,,,,2026-04-30T03:22:26.750124+00:00
2026-04-29,Maikel_Garcia,Maikel Garcia,2939978,,ATH,KC,,0.5,0.5,0.5,,,,,missing,real,real,real,missing,missing,missing,missing,,8.0,7.0,7.0,,,,,,128.75,202.5,1264.2857142857142,,,,,,-218.8,-297.5,,,,,,,0.4629100498862757,0.0,0.0,,,,,2026-04-30T03:22:26.750124+00:00
2026-04-29,Manny_Machado,Manny Machado,2942371,,SD,CHC,,1.5,0.5,,,,,,missing,real,real,missing,missing,missing,missing,missing,,8.0,7.0,,,,,,,,,,,,,,,,,,,,,,,0.0,0.7559289460184545,,,,,,2026-04-30T03:22:26.750124+00:00
2026-04-29,Marcell_Ozuna,Marcell Ozuna,2942090,,PIT,STL,,1.5,0.5,,,,,,missing,real,real,missing,missing,missing,missing,missing,,8.0,7.0,,,,,,,,,,,,,,,,,,,,,,,1.0606601717798212,0.0,,,,,,2026-04-30T03:22:26.750124+00:00
2026-04-29,Marcus_Semien,Marcus Semien,2942554,,NYM,WSH,,1.5,0.5,,,,,,missing,real,real,missing,missing,missing,missing,missing,,8.0,7.0,,,,,,,,,,,,,,,,,,,,,,,1.2817398889233114,0.37796447300922725,,,,,,2026-04-30T03:22:26.750124+00:00
2026-04-29,Mark_Vientos,Mark Vientos,2942554,,NYM,WSH,,1.5,0.5,,,,,,missing,real,real,missing,missing,missing,missing,missing,,7.0,6.0,,,,,,,,,,,,,,,,,,,,,,,0.5345224838248488,0.0,,,,,,2026-04-30T03:22:26.750124+00:00
2026-04-29,Masyn_Winn,Masyn Winn,2942090,,PIT,STL,,1.5,0.5,,,,,,missing,real,real,missing,missing,missing,missing,missing,,8.0,7.0,,,,,,,,,,,,,,,,,,,,,,,0.5175491695067657,0.0,,,,,,2026-04-30T03:22:26.750124+00:00
2026-04-29,Matt_Chapman,Matt Chapman,2941850,,PHI,SF,,1.5,0.5,,,,,,missing,real,real,missing,missing,missing,missing,missing,,8.0,7.0,,,,,,,,,,,,,,,,,,,,,,,0.0,0.0,,,,,,2026-04-30T03:22:26.750124+00:00
2026-04-29,Matt_McLain,Matt McLain,2940803,,CIN,COL,,2.0,0.5,,,,,,missing,real,real,missing,missing,missing,missing,missing,,8.0,7.0,,,,,,,,,,,,,,,,,,,,,,,1.0350983390135313,0.0,,,,,,2026-04-30T03:22:26.750124+00:00
2026-04-29,Matt_Olson,Matt Olson,2940243,,ATL,DET,,1.5,0.5,,,,,,missing,real,real,missing,missing,missing,missing,missing,,8.0,7.0,,,,,,,,,,,,,,,,,,,,,,,1.0606601717798212,0.0,,,,,,2026-04-30T03:22:26.750124+00:00
2026-04-29,Matt_Shaw,Matt Shaw,2942371,,SD,CHC,,3.5,1.5,,,,,,missing,real,real,missing,missing,missing,missing,missing,,8.0,7.0,,,,,,,,,,,,,,,,,,,,,,,2.5035688811888406,0.8164965809277259,,,,,,2026-04-30T03:22:26.750124+00:00
2026-04-29,Matt_Vierling,Matt Vierling,2940243,,ATL,DET,,1.5,0.5,,,,,,missing,real,real,missing,missing,missing,missing,missing,,3.0,6.0,,,,,,,,,,,,,,,,,,,,,,,0.5773502691896258,0.0,,,,,,2026-04-30T03:22:26.750124+00:00
2026-04-29,Matt_Waldron,Matt Waldron,2942371,,SD,CHC,,,,,,3.5,2.5,,missing,missing,missing,missing,missing,real,real,missing,,,,,,9.0,5.0,,,,,,,,,,,,,,,,,,,,,,,0.0,0.0,,2026-04-30T03:22:26.750124+00:00
2026-04-29,Matt_Wallner,Matt Wallner,2941302,,MIN,SEA,,1.0,0.5,,,,,,missing,real,real,missing,missing,missing,missing,missing,,8.0,7.0,,,,,,,,,,,,,,,,,,,,,,,0.5345224838248488,0.0,,,,,,2026-04-30T03:22:26.750124+00:00
2026-04-29,Mauricio_Dubon,Mauricio Dubon,2940243,,ATL,DET,,1.0,0.5,,,,,,missing,real,real,missing,missing,missing,missing,missing,,8.0,7.0,,,,,,,,,,,,,,,,,,,,,,,0.5345224838248488,0.0,,,,,,2026-04-30T03:22:26.750124+00:00
2026-04-29,Max_Muncy,Max Muncy,2941790,,LAD,MIA,,2.5,1.5,,,,,,missing,real,real,missing,missing,missing,missing,missing,,8.0,7.0,,,,,,,,,,,,,,,,,,,,,,,0.3535533905932738,0.5773502691896257,,,,,,2026-04-30T03:22:26.750124+00:00
2026-04-29,Michael_Busch,Michael Busch,2942371,,SD,CHC,,1.5,0.5,,,,,,missing,real,real,missing,missing,missing,missing,missing,,9.0,7.0,,,,,,,,,,,,,,,,,,,,,,,0.0,0.7559289460184545,,,,,,2026-04-30T03:22:26.750124+00:00
2026-04-29,Michael_Conforto,Michael Conforto,2942371,,SD,CHC,,2.5,1.5,,,,,,missing,real,real,missing,missing,missing,missing,missing,,8.0,7.0,,,,,,,,,,,,,,,,,,,,,,,1.0690449676496974,0.8997354108424375,,,,,,2026-04-30T03:22:26.750124+00:00
2026-04-29,Michael_Harris,Michael Harris,2940243,,ATL,DET,,1.5,0.5,,,,,,missing,real,real,missing,missing,missing,missing,missing,,8.0,7.0,,,,,,,,,,,,,,,,,,,,,,,1.1649647450214349,0.0,,,,,,2026-04-30T03:22:26.750124+00:00
2026-04-29,Michael_Massey,Michael Massey,2939978,,ATH,KC,,0.5,0.5,0.5,,,,,missing,real,real,real,missing,missing,missing,missing,,8.0,7.0,7.0,,,,,,228.125,342.5,1007.1428571428571,,,,,,-340.0,-583.75,,,,,,,0.4629100498862757,0.0,0.0,,,,,2026-04-30T03:22:26.750124+00:00
2026-04-29,Michael_Wacha,Michael Wacha,2939978,,ATH,KC,,,,,,4.5,3.5,,missing,missing,missing,missing,missing,real,real,missing,,,,,,9.0,5.0,,,,,,,,,,,,,,,,,,,,,,,0.5270462766947299,0.0,,2026-04-30T03:22:26.750124+00:00
2026-04-29,Mickey_Moniak,Mickey Moniak,2940803,,CIN,COL,,1.5,0.5,,,,,,missing,real,real,missing,missing,missing,missing,missing,,8.0,7.0,,,,,,,,,,,,,,,,,,,,,,,0.46291004988627577,0.0,,,,,,2026-04-30T03:22:26.750124+00:00
2026-04-29,Miguel_Amaya,Miguel Amaya,2942371,,SD,CHC,,1.5,0.5,,,,,,missing,real,real,missing,missing,missing,missing,missing,,8.0,7.0,,,,,,,,,,,,,,,,,,,,,,,0.3535533905932738,0.7559289460184545,,,,,,2026-04-30T03:22:26.750124+00:00
2026-04-29,Miguel_Andujar,Miguel Andujar,2942371,,SD,CHC,,4.5,1.5,,,,,,missing,real,real,missing,missing,missing,missing,missing,,8.0,7.0,,,,,,,,,,,,,,,,,,,,,,,0.0,0.37796447300922725,,,,,,2026-04-30T03:22:26.750124+00:00
2026-04-29,Miguel_Vargas,Miguel Vargas,2941248,,CWS,LAA,,1.5,0.5,,,,,,missing,real,real,missing,missing,missing,missing,missing,,9.0,8.0,,,,,,,,,,,,,,,,,,,,,,,1.092906420717,0.3535533905932738,,,,,,2026-04-30T03:22:26.750124+00:00
2026-04-29,Mike_Trout,Mike Trout,2941248,,CWS,LAA,,4.5,1.5,,,,,,missing,real,real,missing,missing,missing,missing,missing,,8.0,7.0,,,,,,,,,,,,,,,,,,,,,,,1.0606601717798212,0.6900655593423543,,,,,,2026-04-30T03:22:26.750124+00:00
2026-04-29,Moises_Ballesteros,Moises Ballesteros,2942371,,SD,CHC,,1.5,0.5,,,,,,missing,real,real,missing,missing,missing,missing,missing,,8.0,7.0,,,,,,,,,,,,,,,,,,,,,,,0.0,0.7559289460184545,,,,,,2026-04-30T03:22:26.750124+00:00
2026-04-29,Munetaka_Murakami,Munetaka Murakami,2941248,,CWS,LAA,,1.5,0.5,,,,,,missing,real,real,missing,missing,missing,missing,missing,,9.0,6.0,,,,,,,,,,,,,,,,,,,,,,,0.5270462766947299,0.408248290463863,,,,,,2026-04-30T03:22:26.750124+00:00
2026-04-29,Myles_Straw,Myles Straw,2940225,,TOR,BOS,,1.0,0.5,,,,,,missing,real,real,missing,missing,missing,missing,missing,,8.0,7.0,,,,,,,,,,,,,,,,,,,,,,,1.3562026818605373,0.37796447300922725,,,,,,2026-04-30T03:22:26.750124+00:00
2026-04-29,Nasim_Nunez,Nasim Nunez,2942554,,NYM,WSH,,1.5,1.5,,,,,,missing,real,real,missing,missing,missing,missing,missing,,8.0,7.0,,,,,,,,,,,,,,,,,,,,,,,0.3535533905932738,0.8997354108424375,,,,,,2026-04-30T03:22:26.750124+00:00
2026-04-29,Nathan_Church,Nathan Church,2942090,,PIT,STL,,1.0,0.5,,,,,,missing,real,real,missing,missing,missing,missing,missing,,8.0,7.0,,,,,,,,,,,,,,,,,,,,,,,0.5345224838248488,0.0,,,,,,2026-04-30T03:22:26.750124+00:00
2026-04-29,Nathan_Eovaldi,Nathan Eovaldi,2940541,,TEX,NYY,,,,,,7.5,2.5,,missing,missing,missing,missing,missing,real,real,missing,,,,,,9.0,5.0,,,,,,,,,,,,,,,,,,,,,,,1.0137937550497031,0.0,,2026-04-30T03:22:26.750124+00:00
2026-04-29,Nathaniel_Lowe,Nathaniel Lowe,2940803,,CIN,COL,,1.5,0.5,,,,,,missing,real,real,missing,missing,missing,missing,missing,,8.0,7.0,,,,,,,,,,,,,,,,,,,,,,,0.0,0.0,,,,,,2026-04-30T03:22:26.750124+00:00
2026-04-29,Nick_Castellanos,Nick Castellanos,2942371,,SD,CHC,,4.5,1.5,,,,,,missing,real,real,missing,missing,missing,missing,missing,,8.0,7.0,,,,,,,,,,,,,,,,,,,,,,,1.4142135623730951,0.48795003647426655,,,,,,2026-04-30T03:22:26.750124+00:00
2026-04-29,Nick_Fortes,Nick Fortes,2941298,,CLE,TB,,1.5,0.5,,,,,,missing,real,real,missing,missing,missing,missing,missing,,5.0,5.0,,,,,,,,,,,,,,,,,,,,,,,0.5477225575051662,0.0,,,,,,2026-04-30T03:22:26.750124+00:00
2026-04-29,Nick_Gonzales,Nick Gonzales,2942090,,PIT,STL,,1.5,0.5,,,,,,missing,real,real,missing,missing,missing,missing,missing,,8.0,7.0,,,,,,,,,,,,,,,,,,,,,,,1.0606601717798212,0.0,,,,,,2026-04-30T03:22:26.750124+00:00
2026-04-29,Nick_Kurtz,Nick Kurtz,2939978,,ATH,KC,,1.5,0.5,0.5,,,,,missing,real,real,real,missing,missing,missing,missing,,8.0,7.0,6.0,,,,,,243.0,232.5,645.8333333333334,,,,,,-387.5,-312.5,,,,,,,0.5175491695067657,0.0,0.0,,,,,2026-04-30T03:22:26.750124+00:00
2026-04-29,Nick_Loftin,Nick Loftin,2939978,,ATH,KC,,1.5,0.5,,,,,,missing,real,real,missing,missing,missing,missing,missing,,3.0,2.0,,,,,,,,,,,,,,,,,,,,,,,0.0,0.0,,,,,,2026-04-30T03:22:26.750124+00:00
2026-04-29,Nico_Hoerner,Nico Hoerner,2942371,,SD,CHC,,2.5,0.5,,,,,,missing,real,real,missing,missing,missing,missing,missing,,8.0,7.0,,,,,,,,,,,,,,,,,,,,,,,0.5175491695067655,0.7559289460184545,,,,,,2026-04-30T03:22:26.750124+00:00
2026-04-29,Nolan_Arenado,Nolan Arenado,2942249,,MIL,ARI,,4.5,1.5,,,,,,missing,real,real,missing,missing,missing,missing,missing,,8.0,7.0,,,,,,,,,,,,,,,,,,,,,,,1.4142135623730951,0.6900655593423543,,,,,,2026-04-30T03:22:26.750124+00:00
2026-04-29,Nolan_Gorman,Nolan Gorman,2942090,,PIT,STL,,1.0,0.5,,,,,,missing,real,real,missing,missing,missing,missing,missing,,8.0,7.0,,,,,,,,,,,,,,,,,,,,,,,1.3562026818605373,0.0,,,,,,2026-04-30T03:22:26.750124+00:00
2026-04-29,Nolan_Schanuel,Nolan Schanuel,2941248,,CWS,LAA,,1.5,0.5,,,,,,missing,real,real,missing,missing,missing,missing,missing,,8.0,7.0,,,,,,,,,,,,,,,,,,,,,,,0.0,0.0,,,,,,2026-04-30T03:22:26.750124+00:00
2026-04-29,Oneil_Cruz,Oneil Cruz,2942090,,PIT,STL,,1.5,0.5,,,,,,missing,real,real,missing,missing,missing,missing,missing,,8.0,7.0,,,,,,,,,,,,,,,,,,,,,,,1.0606601717798212,0.7559289460184545,,,,,,2026-04-30T03:22:26.750124+00:00
2026-04-29,Otto_Lopez,Otto Lopez,2941790,,LAD,MIA,,1.5,0.5,,,,,,missing,real,real,missing,missing,missing,missing,missing,,8.0,7.0,,,,,,,,,,,,,,,,,,,,,,,0.3535533905932738,0.37796447300922725,,,,,,2026-04-30T03:22:26.750124+00:00
2026-04-29,Owen_Caissie,Owen Caissie,2941790,,LAD,MIA,,1.0,0.5,,,,,,missing,real,real,missing,missing,missing,missing,missing,,8.0,7.0,,,,,,,,,,,,,,,,,,,,,,,0.5345224838248488,0.0,,,,,,2026-04-30T03:22:26.750124+00:00
2026-04-29,Ozzie_Albies,Ozzie Albies,2940243,,ATL,DET,,4.5,1.5,,,,,,missing,real,real,missing,missing,missing,missing,missing,,8.0,7.0,,,,,,,,,,,,,,,,,,,,,,,0.0,0.5773502691896257,,,,,,2026-04-30T03:22:26.750124+00:00
2026-04-29,Patrick_Bailey,Patrick Bailey,2941850,,PHI,SF,,1.0,0.5,,,,,,missing,real,real,missing,missing,missing,missing,missing,,8.0,7.0,,,,,,,,,,,,,,,,,,,,,,,0.5345224838248488,0.0,,,,,,2026-04-30T03:22:26.750124+00:00
2026-04-29,Pedro_Pages,Pedro Pages,2942090,,PIT,STL,,0.5,0.5,,,,,,missing,real,real,missing,missing,missing,missing,missing,,5.0,3.0,,,,,,,,,,,,,,,,,,,,,,,0.5477225575051661,0.0,,,,,,2026-04-30T03:22:26.750124+00:00
2026-04-29,Pete_Alonso,Pete Alonso,2940638,,BAL,HOU,,1.5,0.5,,,,,,missing,real,real,missing,missing,missing,missing,missing,,8.0,7.0,,,,,,,,,,,,,,,,,,,,,,,0.0,0.37796447300922725,,,,,,2026-04-30T03:22:26.750124+00:00
2026-04-29,Pete_Crow-Armstrong,Pete Crow-Armstrong,2942371,,SD,CHC,,4.5,1.5,,,,,,missing,real,real,missing,missing,missing,missing,missing,,8.0,8.0,,,,,,,,,,,,,,,,,,,,,,,1.4142135623730951,0.7071067811865476,,,,,,2026-04-30T03:22:26.750124+00:00
2026-04-29,Peter_Lambert,Peter Lambert,2940638,,BAL,HOU,,,,,,4.5,2.5,,missing,missing,missing,missing,missing,real,real,missing,,,,,,9.0,5.0,,,,,,,,,,,,,,,,,,,,,,,0.0,0.0,,2026-04-30T03:22:26.750124+00:00
2026-04-29,Rafael_Devers,Rafael Devers,2941850,,PHI,SF,,1.0,0.5,,,,,,missing,real,real,missing,missing,missing,missing,missing,,8.0,7.0,,,,,,,,,,,,,,,,,,,,,,,0.5345224838248488,0.0,,,,,,2026-04-30T03:22:26.750124+00:00
2026-04-29,Rafael_Marchan,Rafael Marchan,2941850,,PHI,SF,,1.5,0.5,,,,,,missing,real,real,missing,missing,missing,missing,missing,,7.0,7.0,,,,,,,,,,,,,,,,,,,,,,,0.5345224838248488,0.0,,,,,,2026-04-30T03:22:26.750124+00:00
2026-04-29,Ramon_Laureano,Ramon Laureano,2942371,,SD,CHC,,1.5,0.5,,,,,,missing,real,real,missing,missing,missing,missing,missing,,8.0,7.0,,,,,,,,,,,,,,,,,,,,,,,0.0,0.0,,,,,,2026-04-30T03:22:26.750124+00:00
2026-04-29,Ramon_Urias,Ramon Urias,2942090,,PIT,STL,,1.0,1.5,,,,,,missing,real,real,missing,missing,missing,missing,missing,,8.0,7.0,,,,,,,,,,,,,,,,,,,,,,,0.5345224838248488,0.6900655593423543,,,,,,2026-04-30T03:22:26.750124+00:00
2026-04-29,Randy_Arozarena,Randy Arozarena,2941302,,MIN,SEA,,1.5,0.5,,,,,,missing,real,real,missing,missing,missing,missing,missing,,8.0,7.0,,,,,,,,,,,,,,,,,,,,,,,0.3535533905932738,0.37796447300922725,,,,,,2026-04-30T03:22:26.750124+00:00
2026-04-29,Rece_Hinds,Rece Hinds,2940803,,CIN,COL,,1.5,0.5,,,,,,missing,real,real,missing,missing,missing,missing,missing,,5.0,4.0,,,,,,,,,,,,,,,,,,,,,,,0.0,0.0,,,,,,2026-04-30T03:22:26.750124+00:00
2026-04-29,Richie_Palacios,Richie Palacios,2941298,,CLE,TB,,1.5,0.5,,,,,,missing,real,real,missing,missing,missing,missing,missing,,6.0,5.0,,,,,,,,,,,,,,,,,,,,,,,0.752772652709081,0.0,,,,,,2026-04-30T03:22:26.750124+00:00
2026-04-29,Riley_Greene,Riley Greene,2940243,,ATL,DET,,4.5,1.5,,,,,,missing,real,real,missing,missing,missing,missing,missing,,8.0,7.0,,,,,,,,,,,,,,,,,,,,,,,0.0,0.5773502691896257,,,,,,2026-04-30T03:22:26.750124+00:00
2026-04-29,Roman_Anthony,Roman Anthony,2940225,,TOR,BOS,,1.5,0.5,,,,,,missing,real,real,missing,missing,missing,missing,missing,,8.0,7.0,,,,,,,,,,,,,,,,,,,,,,,1.1649647450214349,0.37796447300922725,,,,,,2026-04-30T03:22:26.750124+00:00
2026-04-29,Ronald_Acuna,Ronald Acuna,2940243,,ATL,DET,,1.5,0.5,,,,,,missing,real,real,missing,missing,missing,missing,missing,,8.0,7.0,,,,,,,,,,,,,,,,,,,,,,,1.0690449676496976,0.7559289460184545,,,,,,2026-04-30T03:22:26.750124+00:00
2026-04-29,Ronny_Mauricio,Ronny Mauricio,2942554,,NYM,WSH,,1.0,0.5,,,,,,missing,real,real,missing,missing,missing,missing,missing,,8.0,7.0,,,,,,,,,,,,,,,,,,,,,,,1.3562026818605373,0.37796447300922725,,,,,,2026-04-30T03:22:26.750124+00:00
2026-04-29,Royce_Lewis,Royce Lewis,2941302,,MIN,SEA,,1.5,0.5,,,,,,missing,real,real,missing,missing,missing,missing,missing,,8.0,7.0,,,,,,,,,,,,,,,,,,,,,,,0.7071067811865476,0.37796447300922725,,,,,,2026-04-30T03:22:26.750124+00:00
2026-04-29,Ryan_Jeffers,Ryan Jeffers,2941302,,MIN,SEA,,1.5,1.5,,,,,,missing,real,real,missing,missing,missing,missing,missing,,8.0,7.0,,,,,,,,,,,,,,,,,,,,,,,0.3535533905932738,0.5773502691896257,,,,,,2026-04-30T03:22:26.750124+00:00
2026-04-29,Ryan_McMahon,Ryan McMahon,2940541,,TEX,NYY,,1.0,0.5,,,,,,missing,real,real,missing,missing,missing,missing,missing,,8.0,7.0,,,,,,,,,,,,,,,,,,,,,,,0.5345224838248488,0.37796447300922725,,,,,,2026-04-30T03:22:26.750124+00:00
2026-04-29,Ryan_OHearn,Ryan O'Hearn,2942090,,PIT,STL,,1.5,0.5,,,,,,missing,real,real,missing,missing,missing,missing,missing,,8.0,7.0,,,,,,,,,,,,,,,,,,,,,,,0.0,0.0,,,,,,2026-04-30T03:22:26.750124+00:00
2026-04-29,Sal_Frelick,Sal Frelick,2942249,,MIL,ARI,,1.0,0.5,,,,,,missing,real,real,missing,missing,missing,missing,missing,,8.0,7.0,,,,,,,,,,,,,,,,,,,,,,,0.5345224838248488,0.0,,,,,,2026-04-30T03:22:26.750124+00:00
2026-04-29,Sal_Stewart,Sal Stewart,2940803,,CIN,COL,,2.5,0.5,,,,,,missing,real,real,missing,missing,missing,missing,missing,,8.0,7.0,,,,,,,,,,,,,,,,,,,,,,,0.9258200997725514,0.0,,,,,,2026-04-30T03:22:26.750124+00:00
2026-04-29,Salvador_Perez,Salvador Perez,2939978,,ATH,KC,,1.5,0.5,0.5,,,,,missing,real,real,real,missing,missing,missing,missing,,8.0,8.0,6.0,,,,,,187.2,275.0,758.3333333333334,,,,,,-320.0,-417.5,,,,,,,0.5175491695067657,0.0,0.0,,,,,2026-04-30T03:22:26.750124+00:00
2026-04-29,Sam_Antonacci,Sam Antonacci,2941248,,CWS,LAA,,1.5,0.5,,,,,,missing,real,real,missing,missing,missing,missing,missing,,8.0,6.0,,,,,,,,,,,,,,,,,,,,,,,1.246423454758225,0.816496580927726,,,,,,2026-04-30T03:22:26.750124+00:00
2026-04-29,Samuel_Basallo,Samuel Basallo,2940638,,BAL,HOU,,1.5,0.5,,,,,,missing,real,real,missing,missing,missing,missing,missing,,8.0,7.0,,,,,,,,,,,,,,,,,,,,,,,0.3535533905932738,0.0,,,,,,2026-04-30T03:22:26.750124+00:00
2026-04-29,Sandy_Alcantara,Sandy Alcantara,2941790,,LAD,MIA,,,,,,5.5,3.5,,missing,missing,missing,missing,missing,real,real,missing,,,,,,9.0,5.0,,,,,,,,,,,,,,,,,,,,,,,0.5270462766947299,0.0,,2026-04-30T03:22:26.750124+00:00
2026-04-29,Seiya_Suzuki,Seiya Suzuki,2942371,,SD,CHC,,1.5,0.5,,,,,,missing,real,real,missing,missing,missing,missing,missing,,8.0,7.0,,,,,,,,,,,,,,,,,,,,,,,0.0,0.0,,,,,,2026-04-30T03:22:26.750124+00:00
2026-04-29,Shea_Langeliers,Shea Langeliers,2939978,,ATH,KC,,1.5,0.5,0.5,,,,,missing,real,real,real,missing,missing,missing,missing,,8.0,7.0,6.0,,,,,,154.5,269.0,791.6666666666666,,,,,,-210.0,-408.3333333333333,,,,,,,0.0,0.0,0.0,,,,,2026-04-30T03:22:26.750124+00:00
2026-04-29,Shohei_Ohtani,Shohei Ohtani,2941790,,LAD,MIA,,1.5,0.5,,,,,,missing,real,real,missing,missing,missing,missing,missing,,8.0,7.0,,,,,,,,,,,,,,,,,,,,,,,0.3535533905932738,0.7559289460184545,,,,,,2026-04-30T03:22:26.750124+00:00
2026-04-29,Spencer_Horwitz,Spencer Horwitz,2942090,,PIT,STL,,4.5,1.5,,,,,,missing,real,real,missing,missing,missing,missing,missing,,8.0,7.0,,,,,,,,,,,,,,,,,,,,,,,1.4142135623730951,0.48795003647426655,,,,,,2026-04-30T03:22:26.750124+00:00
2026-04-29,Spencer_Steer,Spencer Steer,2940803,,CIN,COL,,1.5,0.5,,,,,,missing,real,real,missing,missing,missing,missing,missing,,7.0,7.0,,,,,,,,,,,,,,,,,,,,,,,1.1338934190276817,0.0,,,,,,2026-04-30T03:22:26.750124+00:00
2026-04-29,Spencer_Torkelson,Spencer Torkelson,2940243,,ATL,DET,,1.0,0.5,,,,,,missing,real,real,missing,missing,missing,missing,missing,,8.0,7.0,,,,,,,,,,,,,,,,,,,,,,,1.3562026818605373,0.7559289460184545,,,,,,2026-04-30T03:22:26.750124+00:00
2026-04-29,Steven_Kwan,Steven Kwan,2941298,,CLE,TB,,2.5,1.5,,,,,,missing,real,real,missing,missing,missing,missing,missing,,8.0,6.0,,,,,,,,,,,,,,,,,,,,,,,0.9258200997725514,0.408248290463863,,,,,,2026-04-30T03:22:26.750124+00:00
2026-04-29,TJ_Friedl,TJ Friedl,2940803,,CIN,COL,,1.5,0.5,,,,,,missing,real,real,missing,missing,missing,missing,missing,,8.0,7.0,,,,,,,,,,,,,,,,,,,,,,,0.0,0.0,,,,,,2026-04-30T03:22:26.750124+00:00
2026-04-29,TJ_Rumfield,TJ Rumfield,2940803,,CIN,COL,,1.5,0.5,,,,,,missing,real,real,missing,missing,missing,missing,missing,,8.0,7.0,,,,,,,,,,,,,,,,,,,,,,,1.246423454758225,0.4879500364742666,,,,,,2026-04-30T03:22:26.750124+00:00
2026-04-29,Taj_Bradley,Taj Bradley,2941302,,MIN,SEA,,,,,,7.5,2.5,,missing,missing,missing,missing,missing,real,real,missing,,,,,,9.0,5.0,,,,,,,,,,,,,,,,,,,,,,,0.8660254037844386,0.0,,2026-04-30T03:22:26.750124+00:00
2026-04-29,Tarik_Skubal,Tarik Skubal,2940243,,ATL,DET,,,,,,6.5,2.5,,missing,missing,missing,missing,missing,real,real,missing,,,,,,9.0,5.0,,,,,,,,,,,,,,,,,,,,,,,0.0,0.5477225575051661,,2026-04-30T03:22:26.750124+00:00
2026-04-29,Taylor_Walls,Taylor Walls,2941298,,CLE,TB,,1.0,0.5,,,,,,missing,real,real,missing,missing,missing,missing,missing,,8.0,6.0,,,,,,,,,,,,,,,,,,,,,,,0.7440238091428449,0.0,,,,,,2026-04-30T03:22:26.750124+00:00
2026-04-29,Taylor_Ward,Taylor Ward,2940638,,BAL,HOU,,1.5,0.5,,,,,,missing,real,real,missing,missing,missing,missing,missing,,8.0,7.0,,,,,,,,,,,,,,,,,,,,,,,0.0,0.0,,,,,,2026-04-30T03:22:26.750124+00:00
2026-04-29,Teoscar_Hernandez,Teoscar Hernandez,2941790,,LAD,MIA,,1.5,0.5,,,,,,missing,real,real,missing,missing,missing,missing,missing,,8.0,5.0,,,,,,,,,,,,,,,,,,,,,,,0.0,0.0,,,,,,2026-04-30T03:22:26.750124+00:00
2026-04-29,Tomoyuki_Sugano,Tomoyuki Sugano,2940803,,CIN,COL,,,,,,3.5,3.5,,missing,missing,missing,missing,missing,real,real,missing,,,,,,9.0,5.0,,,,,,,,,,,,,,,,,,,,,,,0.5,0.0,,2026-04-30T03:22:26.750124+00:00
2026-04-29,Travis_Bazzana,Travis Bazzana,2941298,,CLE,TB,,1.0,0.5,,,,,,missing,real,real,missing,missing,missing,missing,missing,,8.0,6.0,,,,,,,,,,,,,,,,,,,,,,,1.0350983390135313,0.0,,,,,,2026-04-30T03:22:26.750124+00:00
2026-04-29,Travis_dArnaud,Travis d'Arnaud,2941248,,CWS,LAA,,1.0,0.5,,,,,,missing,real,real,missing,missing,missing,missing,missing,,8.0,6.0,,,,,,,,,,,,,,,,,,,,,,,0.5345224838248488,0.816496580927726,,,,,,2026-04-30T03:22:26.750124+00:00
2026-04-29,Trea_Turner,Trea Turner,2941850,,PHI,SF,,1.5,0.5,,,,,,missing,real,real,missing,missing,missing,missing,missing,,8.0,7.0,,,,,,,,,,,,,,,,,,,,,,,0.0,0.0,,,,,,2026-04-30T03:22:26.750124+00:00
2026-04-29,Trent_Grisham,Trent Grisham,2940541,,TEX,NYY,,1.5,0.5,,,,,,missing,real,real,missing,missing,missing,missing,missing,,8.0,7.0,,,,,,,,,,,,,,,,,,,,,,,0.4629100498862757,0.7559289460184545,,,,,,2026-04-30T03:22:26.750124+00:00
2026-04-29,Trevor_Larnach,Trevor Larnach,2941302,,MIN,SEA,,2.5,0.5,,,,,,missing,real,real,missing,missing,missing,missing,missing,,8.0,7.0,,,,,,,,,,,,,,,,,,,,,,,0.4629100498862757,0.37796447300922725,,,,,,2026-04-30T03:22:26.750124+00:00
2026-04-29,Trevor_Story,Trevor Story,2940225,,TOR,BOS,,2.5,0.5,,,,,,missing,real,real,missing,missing,missing,missing,missing,,8.0,7.0,,,,,,,,,,,,,,,,,,,,,,,1.164964745021435,0.4879500364742666,,,,,,2026-04-30T03:22:26.750124+00:00
2026-04-29,Troy_Johnston,Troy Johnston,2940803,,CIN,COL,,1.0,0.5,,,,,,missing,real,real,missing,missing,missing,missing,missing,,8.0,5.0,,,,,,,,,,,,,,,,,,,,,,,0.5345224838248488,0.0,,,,,,2026-04-30T03:22:26.750124+00:00
2026-04-29,Ty_France,Ty France,2942371,,SD,CHC,,1.5,0.5,,,,,,missing,real,real,missing,missing,missing,missing,missing,,8.0,7.0,,,,,,,,,,,,,,,,,,,,,,,0.0,0.7559289460184545,,,,,,2026-04-30T03:22:26.750124+00:00
2026-04-29,Tyler_Freeman,Tyler Freeman,2940803,,CIN,COL,,1.5,0.5,,,,,,missing,real,real,missing,missing,missing,missing,missing,,8.0,7.0,,,,,,,,,,,,,,,,,,,,,,,0.3535533905932738,0.0,,,,,,2026-04-30T03:22:26.750124+00:00
2026-04-29,Tyler_Glasnow,Tyler Glasnow,2941790,,LAD,MIA,,,,,,9.5,2.5,,missing,missing,missing,missing,missing,real,real,missing,,,,,,9.0,5.0,,,,,,,,,,,,,,,,,,,,,,,1.364225461978742,0.0,,2026-04-30T03:22:26.750124+00:00
2026-04-29,Tyler_Heineman,Tyler Heineman,2940225,,TOR,BOS,,1.5,0.5,,,,,,missing,real,real,missing,missing,missing,missing,missing,,5.0,6.0,,,,,,,,,,,,,,,,,,,,,,,0.4472135954999579,0.0,,,,,,2026-04-30T03:22:26.750124+00:00
2026-04-29,Tyler_Soderstrom,Tyler Soderstrom,2939978,,ATH,KC,,1.5,0.5,,,,,,missing,real,real,missing,missing,missing,missing,missing,,2.0,1.0,,,,,,,,,,,,,,,,,,,,,,,0.0,0.0,,,,,,2026-04-30T03:22:26.750124+00:00
2026-04-29,Tyler_Stephenson,Tyler Stephenson,2940803,,CIN,COL,,1.5,0.5,,,,,,missing,real,real,missing,missing,missing,missing,missing,,8.0,7.0,,,,,,,,,,,,,,,,,,,,,,,0.3535533905932738,0.0,,,,,,2026-04-30T03:22:26.750124+00:00
2026-04-29,Tyrone_Taylor,Tyrone Taylor,2942554,,NYM,WSH,,1.5,0.5,,,,,,missing,real,real,missing,missing,missing,missing,missing,,8.0,7.0,,,,,,,,,,,,,,,,,,,,,,,1.0606601717798212,0.7559289460184545,,,,,,2026-04-30T03:22:26.750124+00:00
2026-04-29,Vaughn_Grissom,Vaughn Grissom,2941248,,CWS,LAA,,3.0,0.5,,,,,,missing,real,real,missing,missing,missing,missing,missing,,6.0,5.0,,,,,,,,,,,,,,,,,,,,,,,1.6431676725154984,0.8944271909999159,,,,,,2026-04-30T03:22:26.750124+00:00
2026-04-29,Victor_Scott,Victor Scott,2942090,,PIT,STL,,1.5,0.5,,,,,,missing,real,real,missing,missing,missing,missing,missing,,7.0,7.0,,,,,,,,,,,,,,,,,,,,,,,0.5345224838248488,0.5345224838248488,,,,,,2026-04-30T03:22:26.750124+00:00
2026-04-29,Vinnie_Pasquantino,Vinnie Pasquantino,2939978,,ATH,KC,,1.5,0.5,,,,,,missing,real,real,missing,missing,missing,missing,missing,,7.0,3.0,,,,,,,,,,,,,,,,,,,,,,,0.0,0.0,,,,,,2026-04-30T03:22:26.750124+00:00
2026-04-29,Vladimir_Guerrero,Vladimir Guerrero,2940225,,TOR,BOS,,3.5,2.5,,,,,,missing,real,real,missing,missing,missing,missing,missing,,8.0,7.0,,,,,,,,,,,,,,,,,,,,,,,0.46291004988627565,0.7867957924694432,,,,,,2026-04-30T03:22:26.750124+00:00
2026-04-29,Wenceel_Perez,Wenceel Perez,2940243,,ATL,DET,,2.5,1.5,,,,,,missing,real,real,missing,missing,missing,missing,missing,,8.0,7.0,,,,,,,,,,,,,,,,,,,,,,,1.0690449676496974,0.6900655593423543,,,,,,2026-04-30T03:22:26.750124+00:00
2026-04-29,Will_Benson,Will Benson,2940803,,CIN,COL,,1.5,0.5,,,,,,missing,real,real,missing,missing,missing,missing,missing,,6.0,4.0,,,,,,,,,,,,,,,,,,,,,,,0.5163977794943223,0.0,,,,,,2026-04-30T03:22:26.750124+00:00
2026-04-29,Will_Smith,Will Smith,2941790,,LAD,MIA,,1.5,0.5,,,,,,missing,real,real,missing,missing,missing,missing,missing,,2.0,1.0,,,,,,,,,,,,,,,,,,,,,,,0.0,0.0,,,,,,2026-04-30T03:22:26.750124+00:00
2026-04-29,Will_Wilson,Will Wilson,2941302,,MIN,SEA,,1.0,0.5,,,,,,missing,real,real,missing,missing,missing,missing,missing,,8.0,7.0,,,,,,,,,,,,,,,,,,,,,,,0.7440238091428449,0.37796447300922725,,,,,,2026-04-30T03:22:26.750124+00:00
2026-04-29,Willi_Castro,Willi Castro,2940803,,CIN,COL,,2.5,1.5,,,,,,missing,real,real,missing,missing,missing,missing,missing,,8.0,7.0,,,,,,,,,,,,,,,,,,,,,,,1.164964745021435,0.6900655593423541,,,,,,2026-04-30T03:22:26.750124+00:00
2026-04-29,William_Contreras,William Contreras,2942249,,MIL,ARI,,1.5,0.5,,,,,,missing,real,real,missing,missing,missing,missing,missing,,8.0,7.0,,,,,,,,,,,,,,,,,,,,,,,0.0,0.37796447300922725,,,,,,2026-04-30T03:22:26.750124+00:00
2026-04-29,Willson_Contreras,Willson Contreras,2940225,,TOR,BOS,,4.5,1.5,,,,,,missing,real,real,missing,missing,missing,missing,missing,,8.0,7.0,,,,,,,,,,,,,,,,,,,,,,,1.246423454758225,0.6900655593423543,,,,,,2026-04-30T03:22:26.750124+00:00
2026-04-29,Willy_Adames,Willy Adames,2941850,,PHI,SF,,1.0,0.5,,,,,,missing,real,real,missing,missing,missing,missing,missing,,8.0,7.0,,,,,,,,,,,,,,,,,,,,,,,0.5345224838248488,0.0,,,,,,2026-04-30T03:22:26.750124+00:00
2026-04-29,Wilyer_Abreu,Wilyer Abreu,2940225,,TOR,BOS,,1.5,0.5,,,,,,missing,real,real,missing,missing,missing,missing,missing,,8.0,7.0,,,,,,,,,,,,,,,,,,,,,,,1.0606601717798212,0.4879500364742666,,,,,,2026-04-30T03:22:26.750124+00:00
2026-04-29,Xander_Bogaerts,Xander Bogaerts,2942371,,SD,CHC,,1.5,0.5,,,,,,missing,real,real,missing,missing,missing,missing,missing,,8.0,7.0,,,,,,,,,,,,,,,,,,,,,,,0.0,0.7559289460184545,,,,,,2026-04-30T03:22:26.750124+00:00
2026-04-29,Xavier_Edwards,Xavier Edwards,2941790,,LAD,MIA,,1.5,0.5,,,,,,missing,real,real,missing,missing,missing,missing,missing,,8.0,7.0,,,,,,,,,,,,,,,,,,,,,,,0.46291004988627577,0.37796447300922725,,,,,,2026-04-30T03:22:26.750124+00:00
2026-04-29,Yainer_Diaz,Yainer Diaz,2940638,,BAL,HOU,,1.5,0.5,,,,,,missing,real,real,missing,missing,missing,missing,missing,,8.0,7.0,,,,,,,,,,,,,,,,,,,,,,,0.3535533905932738,0.0,,,,,,2026-04-30T03:22:26.750124+00:00
2026-04-29,Yandy_Diaz,Yandy Diaz,2941298,,CLE,TB,,1.5,1.0,,,,,,missing,real,real,missing,missing,missing,missing,missing,,8.0,6.0,,,,,,,,,,,,,,,,,,,,,,,0.8345229603962803,0.816496580927726,,,,,,2026-04-30T03:22:26.750124+00:00
2026-04-29,Yoan_Moncada,Yoan Moncada,2941248,,CWS,LAA,,1.5,0.5,,,,,,missing,real,real,missing,missing,missing,missing,missing,,8.0,7.0,,,,,,,,,,,,,,,,,,,,,,,0.3535533905932738,0.7559289460184545,,,,,,2026-04-30T03:22:26.750124+00:00
2026-04-29,Yohendrick_Pinango,Yohendrick Pinango,2940225,,TOR,BOS,,1.5,0.5,,,,,,missing,real,real,missing,missing,missing,missing,missing,,8.0,7.0,,,,,,,,,,,,,,,,,,,,,,,1.246423454758225,0.37796447300922725,,,,,,2026-04-30T03:22:26.750124+00:00
2026-04-29,Yordan_Alvarez,Yordan Alvarez,2940638,,BAL,HOU,,1.5,0.5,,,,,,missing,real,real,missing,missing,missing,missing,missing,,8.0,7.0,,,,,,,,,,,,,,,,,,,,,,,0.0,0.0,,,,,,2026-04-30T03:22:26.750124+00:00
2026-04-29,Yusei_Kikuchi,Yusei Kikuchi,2941248,,CWS,LAA,,,,,,5.5,2.5,,missing,missing,missing,missing,missing,real,real,missing,,,,,,9.0,5.0,,,,,,,,,,,,,,,,,,,,,,,0.0,0.0,,2026-04-30T03:22:26.750124+00:00
2026-04-29,Zach_Neto,Zach Neto,2941248,,CWS,LAA,,1.5,0.5,,,,,,missing,real,real,missing,missing,missing,missing,missing,,8.0,7.0,,,,,,,,,,,,,,,,,,,,,,,0.0,0.7559289460184545,,,,,,2026-04-30T03:22:26.750124+00:00
2026-04-29,Zack_Gelof,Zack Gelof,2939978,,ATH,KC,,1.0,0.5,0.5,,,,,missing,real,real,real,missing,missing,missing,missing,,8.0,7.0,1.0,,,,,,160.0,320.0,900.0,,,,,,,,,,,,,,1.3562026818605375,0.7559289460184545,0.0,,,,,2026-04-30T03:22:26.750124+00:00
